taxa,PC1,PC2,PC3,PC4
G,-179.205646594865,103.559820488791,-4.30320007973285,22.1011367207176
A,-174.527191994673,163.817606069669,3.1433170216666,56.5277856186193
G,-163.247912135762,81.7069444207753,-3.09559153561899,10.9744334994077
A,-187.211384421579,107.014864391696,3.16811562013018,54.46997455312
G,-152.639070348239,130.967324369684,19.4873287557023,23.7576688843048
A,-192.31738606181,78.664227452529,0.241924059778303,62.7451639998934
G,-173.902067341631,30.6404117127255,3.696159915776,31.6478840999921
N,-170.239991109246,89.9308453009267,-0.322988413919784,60.8026891175865
G,-174.327380923703,52.2373355929882,-3.5849903686418,30.9919901485456
R,-172.607219459114,189.454262498177,-2.30367139803169,55.6362728330961
G,-146.559422384643,53.3165706487529,0.525735390146801,12.9983433580148
A,-145.331660450835,33.9080595347131,5.68406182281559,15.1467442145438
A,-149.164731799206,55.3076392443554,3.3537411295023,34.0468331187999
A,-159.51371154347,-111.510675902663,8.16616606166504,12.8871422852826
A,-141.721781228639,208.222141482773,3.29663634424494,11.2351037763911
A,-123.091053770681,176.108530652852,4.61103949153259,6.69971553695461
A,-125.761432868645,129.690311843246,4.31013306653191,13.4782617376192
A,-145.720283831019,161.159067063721,2.58420171273625,14.7874883203313
G,-172.474895456237,55.8753901194993,3.19833863079155,43.2743994233003
A,-178.923739827388,147.607400924052,-5.147642478234,67.3715747716798
G,-87.5140082977897,113.029051719159,24.1568539979173,7.87077475165803
N,-165.82818989042,-1.17470579809911,1.96760026141536,38.6757004243114
A,-152.181778600764,81.9065892374689,3.45610472685169,29.4525568661855
A,271.3197518804,7.87395600579764,-250.421636103115,41.1039517297401
N,90.8849353343246,-30.9276179606616,94.8006820413463,-4.47661239576227
N,-128.788256152046,-220.629784597165,-6.07000569674074,18.4086273691789
N,-84.9788600712986,86.3031462407685,26.0365601141777,47.8718603997737
G,-119.199424513102,162.164735792296,-19.5921368808769,22.1767841838987
N,-62.4890048413769,-231.178971775932,-3.23100759445715,-29.1956995093923
N,-74.7750394735076,-325.565920098981,12.7079980426397,-42.6457866874438
N,-63.2571174464752,-238.64329244374,-4.59282456040442,-27.4740256341487
G,-183.092354733464,-190.956619463739,-13.3029128768429,31.2238847586163
R,73.3708006958159,-88.4181031770272,135.672036854609,96.0169535982937
G,-149.769491191439,22.2521659313889,-29.8329995936118,23.8456314107949
G,-196.700199234221,-231.073214434819,-12.5365833928849,43.3712763183655
G,-178.548488901911,-196.906668183577,-15.1671659640928,33.538920429057
N,-77.1346886541658,-333.184758075739,14.1328906468033,-43.3896620964437
R,-135.377985809434,107.469591505347,14.9778489574483,4.9971951019142
A,-181.476170216239,83.294176960789,2.57065497365551,49.4537170421075
G,-140.536465175603,213.470770036633,-1.85496607200667,20.0978368574284
G,-134.894173852363,80.3467303157885,4.29493289719496,41.2071776545714
A,241.919909646443,-3.12076594708427,-139.16912820895,15.421310287193
A,-157.964925523685,183.318308694038,2.3114576528376,5.76915370041951
A,-123.218821841751,-180.389191434319,-24.2137767097299,-0.542249528730994
G,111.172605002054,74.1663855082046,89.2898003723,-217.955609675386
N,135.596575154993,38.4822815542226,79.1989742349764,-108.751178115118
A,280.833095331159,-14.3639654961578,236.18996090306,129.19447393982
A,153.468151773848,47.4600411902367,87.9531542356948,-122.60137663309
A,275.642250779905,-15.8259777123189,232.560353700547,126.116156222334
A,251.524092722129,1.67213784764586,-250.00758133692,39.7575101188519
G,-170.304452043286,-193.098256000454,-22.8169454093298,28.1070127565308
G,-113.003089197462,172.253274190588,-9.46167365141754,6.22064391153295
G,-95.8751214337346,-69.2601536003678,-11.7916467792295,-25.7574297399659
G,-148.174897097706,49.5507555633832,-19.4643243660151,23.3136551434781
A,-137.437379167201,204.40035159253,3.39494888414958,5.14774491912622
A,90.5162726142301,-72.9137834774539,-139.514720415841,11.74672994226
N,201.495015143089,1.71550363082981,-165.260168499577,14.4097943782529
A,263.106517703772,7.00802581834124,-182.829830016456,31.5291824362461
N,60.8145481812835,15.5841475209795,71.5187119684609,-150.673841339738
G,65.0416312186104,35.3412646098432,83.0048663863562,-205.122818927975
A,258.514543809851,8.29091751718666,73.7657501540424,39.9634408477738
A,272.624577547022,8.70206179222081,-257.584699657182,40.4200432527446
A,221.859271098386,-6.95345948352304,89.5001308394978,44.8764457807461
G,-108.227604311758,-252.775515662125,3.04420282252331,-29.0118620928131
A,279.944738927012,10.2546964378785,-267.042102432559,43.4270296906399
A,56.5606450126837,-192.033144869174,-105.503749200326,-20.9828725202158
G,-112.715168663069,-121.608151926892,-12.9240203127462,-14.7751780725786
A,237.657524599467,-2.21571960521836,-220.426174186018,34.6318946309143
N,-143.650862701337,46.0156074612082,-5.36597666655398,39.7437630244333
N,270.734759022417,7.60988375028001,-256.130378765751,41.2874523680488
A,-120.852883652647,-184.894564660183,-8.24704556169766,-19.5864681189272
A,275.592228373514,9.36220085536819,-262.528315011184,41.1863764922926
A,51.0725331395971,43.4236401266097,-31.1548694363594,-136.192905232169
N,-191.609449466502,-50.0750316623752,3.16607556396212,58.2854058625346
G,-194.899227308454,-42.2182195270432,-15.4369648623078,73.0564392123727
N,228.61406146019,4.55100785465271,-188.772396636455,33.4333809145176
G,-207.581385256259,2.48422247134883,-8.55479261258479,69.7728612115901
G,-220.890362093586,-150.088958427946,-15.0353991381757,68.2108722542678
N,-69.6987936934982,-312.945839166038,12.6763768343055,-36.1732789885967
A,56.3207649317715,101.481930930275,37.6987620718983,-211.105127782825
A,-185.135454675855,74.5752903161855,12.4373481953535,55.1743553351036
G,-114.400480746866,75.4138281550193,-22.3263188054627,11.1561613095956
A,243.835703808783,14.699270393137,96.4266882718614,29.018987690872
A,-148.81636747541,193.959724843288,2.57885279221685,15.4050682273702
G,-168.114906627849,-68.0599061333902,-3.8415682787979,30.8365933212983
A,-74.317092426496,-305.867886388162,12.080474173372,-32.2831113136334
A,-112.459741053063,-329.178851873871,6.9089444876534,-36.0727512158861
A,-178.321260759675,82.9428260295725,10.7059875916108,62.0628780284649
A,-141.504653733732,58.1000758375524,-28.2978797258574,32.7500817242306
N,-112.679150301446,-84.4305427016747,1.90163988233709,-37.2337886406964
A,-122.062578982463,-331.531832773877,-0.424274829200117,-35.4960582818365
G,-12.8347922762226,3.72017410210936,-130.887461288091,72.8526661895524
N,-63.8549785179737,-292.114594679599,12.9622143190222,-35.544726759196
G,-192.368562228551,84.9496740296483,-5.77777573453938,61.061920719749
G,-125.073842467779,91.2808907173671,-25.8105242550613,24.7407785294607
A,224.812877558255,17.8593225804723,100.054873211022,6.03606642903906
G,-185.243333822148,42.0841502304018,-8.82184480281895,58.4343908509569
A,-141.396362739808,232.277624266902,2.67980586470976,24.001799084241
A,-88.7097093501694,-321.736057520766,6.22892959583632,-37.4521985174594
G,-126.810544697837,-154.990825595423,-18.8356746330163,-4.43098158766623
A,13.9957650827587,76.9563695707579,53.4611498741827,-242.658606117812
G,-154.235656328556,-78.745870262529,-8.89507300174868,30.7495389593668
G,144.741267445497,6.32306543112181,-98.6624047187351,13.0692358920458
A,179.454495801482,-71.2299596282173,-187.058575434651,48.9547254284026
G,-200.824567570208,-43.260911829718,-16.0469539481576,75.0207725474997
N,20.0998851494199,-27.5451692590082,-21.5257995405532,-71.3921569061474
A,-110.107210814992,-331.326580209676,4.23704913503838,-34.17823024109
G,-116.883427457716,-219.775809089967,-20.3292254282172,-17.4840458347596
N,134.45590085219,-57.8901653208122,-158.844488346152,21.5552360018909
A,175.827425481787,2.80157030266318,-152.711091871764,-0.482166801246206
A,294.457306237514,11.1318497623685,-264.603171305688,39.2227051880028
A,141.311828616778,-79.1289113000476,-178.445892873927,20.0491792688325
G,-147.701168760236,-98.0846601321,-16.7132066435257,29.2303081876137
A,-163.537147747883,58.561506308675,8.18126980050234,48.3932714104601
A,-189.870059178564,72.4242023440279,7.85472537088858,50.802913642766
A,-109.272909109815,-324.003463561436,-2.39939855818113,-34.5245357532003
A,-126.515376046964,-231.068532334145,-0.530312763706672,-25.462576999347
A,194.546403565952,20.82924217087,-166.160651412872,-32.2291631930357
A,148.497061506365,-71.2555444128585,-153.319381415449,6.81494480870823
A,223.504006162907,16.919377177681,-196.964491330368,-39.7657580873957
A,252.089632928222,0.23932599366567,-169.986044419154,33.6929753991124
A,-103.47927650861,-190.823426469132,-27.3819329760711,2.15178514560572
A,217.487563029659,-5.67234086920554,-230.461182846178,47.3462212462302
G,-139.068595632434,216.485214943946,-3.76239793422701,28.9492592722178
A,264.742840491392,5.98239460512664,-205.505517409454,19.4888775908633
G,-197.836081256622,123.514802883041,1.93699959518721,57.4867125828871
G,-80.6704089400244,-20.2389962581119,-80.2887919448498,73.911703508908
G,-201.74940857337,-198.246898736091,-18.824961834687,49.6982373992253
A,-121.876470408732,221.044211575388,-11.3618301218415,12.7646394783359
G,-76.7563787714961,81.3124997698297,16.9686650795014,-92.5715040755288
A,145.304051596172,16.7340049982181,-13.199770284786,-66.2806502821856
A,-125.989152474326,209.886419907372,-8.69813188495406,19.6367139373243
A,44.4894588916206,115.438340640874,57.1211224848113,-259.555761185613
A,251.572989530521,8.61070633325019,67.247321852175,48.0286352839362
G,24.5930199576006,46.5645180162447,-30.2469190101165,-119.533622656676
A,33.6573015820104,88.8357225296719,68.2625260468311,-243.792109570635
A,261.409261768696,10.7129748404838,68.3244199091203,49.7695262048162
A,-140.809528275533,-149.837460409183,-29.4678276118851,-3.90735335180791
A,103.219638776265,55.7893411161901,67.5515146064009,-163.472218277727
N,46.7272478367366,39.3784629663575,-43.0652183406836,-125.252548142082
A,260.32058138378,12.8203261363975,66.2461920472247,51.1190515570985
N,-64.1370643072692,-297.50476962025,14.0052824794429,-37.8109324291613
A,-111.853530511258,-117.806592454649,-8.32936288425956,-7.39602942830942
A,277.115221762221,13.0482638828612,72.7017889160501,50.9217793415165
A,-100.860412770743,-337.221347639625,12.3228113319773,-26.3422770529926
N,236.225078094648,-0.407045061493146,111.404242285638,42.827746048816
A,248.220485041611,7.86138559630163,66.3114341124029,49.4129602074646
A,253.034062648599,11.169815226347,73.201815701638,47.1875971352501
A,286.61170245764,14.1016665339817,-255.791793724944,40.996938509289
G,-197.112508977523,104.755609391813,6.49918899987472,61.8141201580908
N,-67.3871974113779,-310.058464023161,13.0782348527942,-37.0444453014211
A,261.801295993937,16.0527119298769,-228.835756929912,31.6372048758706
A,287.359530788689,7.66337298043735,-269.051696429744,43.1665331564721
N,-72.7160428965891,-323.036490268539,13.7328681946511,-42.9590627405978
N,272.36840175283,15.5286366210017,-227.532075694732,32.9196532443878
A,-65.9729481260551,-242.830994593062,-5.07759196291359,-29.3985773221083
G,-214.852020708297,-155.014457830033,-21.6811621237137,57.8872930448632
A,-97.7962063248278,-326.826485562478,12.4697696841894,-24.7252868434906
A,-170.105823045005,210.660879233889,-11.2222604653535,56.5042183232959
A,-173.266220319445,191.986881305233,-9.51971775781082,59.419846392626
A,282.686875816237,13.2848227687156,77.6999876058862,51.8912222402161
G,-202.729189748809,62.5317079402456,-4.79256072063856,73.1144631033275
N,-177.166490161384,-15.8658050033753,-7.89446725773422,60.1358012160769
A,-135.242447277083,215.468845156417,-3.33041411058835,24.3942401763403
G,-178.188313991727,-222.671577917971,-8.14177900480839,35.8856548703357
A,59.9921437664014,36.3084859885961,-36.0202568594492,-133.00219787978
N,-74.029384800449,-330.039655850509,12.6864172363577,-41.8750576368647
A,230.605929134754,12.5064659718437,93.0029988677488,11.9017630230002
G,-15.8010465414676,42.3741203204027,51.6309752457153,-220.857451354325
A,-132.000244555974,111.266074818752,-28.4476271723832,25.2377916446886
A,-174.298337148008,193.096932824533,-4.24602042136623,59.681284737177
A,24.7307731542816,127.664103510564,45.4428409357139,-205.818477237141
G,-189.092120870996,-138.111342559305,-20.2034509410494,47.8312723324173
G,-190.045703882717,-91.5975057639813,-12.2772129772299,43.5815138972536
G,-146.136048049856,0.43411732870357,-26.6641030087749,33.2159709244743
G,-159.929477288641,-43.6404120848442,-3.03796438684907,29.2148866434876
G,-122.77290383618,106.630024460521,-25.1815789612475,28.4114134443861
G,-24.291353200173,34.2704597642967,45.2799144329914,-210.57940058171
G,-159.525427586642,135.876350114694,-20.1080490008493,48.2477765421564
G,-154.369366255693,57.8713930895316,-29.5323166890432,34.1218391476856
G,-148.656668537011,52.9750550010448,-23.2528809170371,33.9969649222575
G,-152.76630257165,97.5281421435104,-26.6134860617735,42.9224721305777
G,-198.837313305888,-112.917619940765,-13.1497948024056,57.7145893089316
G,-187.071301018842,-17.7226087474267,-6.73630098829197,65.5331621784636
G,-193.722108812853,-93.6860504788895,-22.877631263466,52.1923823060182
A,-207.499672229503,-23.601510356665,-8.92618031240434,59.3063842173217
G,85.0708321392877,-46.5180777001638,115.753989759109,100.547055284983
A,-43.6677981476364,104.925511779099,14.8934982994105,-136.926899691783
G,-198.065904261229,-142.312322314675,-17.9481665055985,72.3041255070612
G,-210.4213181875,-148.564009567717,-19.7487999920054,76.146993124912
A,284.495400921627,-16.8474287839583,235.706544513076,121.6504429346
N,-186.505150914432,-96.7887258115547,-22.2773534018977,54.4571978350418
G,-202.914102419576,-89.833981067467,-17.0555925704126,57.6447883216593
A,67.8005671133429,39.9562944557658,-41.7922494935449,-150.292021115349
G,-131.25515371,-148.614918614537,-23.5118283936651,5.39779482284322
A,67.3051279861639,44.0275780124054,-40.6935912552463,-145.641310401286
G,-197.311912445074,-194.533661838589,-17.8703222593322,48.4649865140557
N,-152.216208486207,160.161387126245,9.61667072589597,22.5939232145019
N,122.904876710515,67.5258963120459,93.1779555269457,-225.421753339412
G,-138.701783803692,238.260254902242,-5.90410094775475,27.9192417379544
G,-142.795122224526,197.649129769356,-5.36170934349969,16.0488837059775
A,243.501201124082,20.7497415189867,151.508538033078,2.82655261444854
G,-129.173878050629,94.5506389251278,-29.2096359349673,29.3085249592879
G,-110.666265318463,-254.42699464661,-0.261029480188994,-34.8825963014057
G,-146.759917301945,233.781664722547,-4.0881222975223,28.6275696304458
G,-111.409242080118,198.798675646308,-1.97791695132882,-0.776661526967864
G,-160.380309712546,190.581241137718,-8.9763078861468,47.6802263938789
A,36.9120986684232,42.6078751483487,79.2082918397958,-222.229725663507
A,-72.4062631795487,-105.539601958759,57.3414449195333,-107.770465055102
N,-36.4731530819414,-0.727460523789112,43.9527984189009,-181.3226561126
A,140.303106843524,18.615821405546,-13.2206179091455,-72.4204534828899
A,133.054403451099,26.3095340191122,-23.1441595632912,-85.275089438107
G,-35.3622038802331,30.9520664660423,62.0086151118396,-201.119276293208
A,25.0806306107183,117.986790014104,51.7364907783117,-217.172173783345
A,30.4722061810813,91.8414643225812,54.4432680052307,-219.038920779356
A,211.523003969641,14.2471948799831,95.6404608946737,5.62626576390329
A,-160.994784315703,120.373128834473,6.16658739969861,34.8931957287578
A,-118.458127922991,203.457437817518,6.56418246398468,19.5413138606772
G,-120.27465121238,198.195968854248,9.60708481739131,22.3142219600845
N,-129.85811429636,228.131146680656,4.65423465695013,19.7261850346205
G,-205.110696762258,-121.057110471387,-11.6970809378569,47.1300791083442
G,-168.389775661187,190.525618323542,-4.21094467253708,47.8175679198527
R,-148.809947759116,155.747118205813,-7.13270612629536,24.1190157386449
A,-97.3276148743654,-318.17012081248,4.96966104278815,-38.9878907793432
G,-204.053653460197,6.8965406266378,-11.5986792798915,67.4833906111106
A,-220.732185227783,-49.1030260950006,0.657228558877854,65.4554602511357
A,-223.518868210191,-49.6661046212447,0.595875142355245,66.0390906596855
A,44.9485984647548,117.21206395114,61.2103112553157,-257.81371846546
G,-178.002217024862,-295.512246836603,-6.22075104839812,21.6362317289855
G,-142.503174770418,-141.689591596523,-23.6628175187148,6.27456546141875
A,-86.9105146162648,-319.055789083612,13.5798679372837,-28.7688480651543
A,-85.4454447433649,-324.719832007507,14.446233339889,-39.6248987950804
A,255.296349309927,1.04266186609584,120.63414450207,47.0501268829642
N,160.447855553039,54.075510843741,-44.5575257707634,-108.420434278799
A,273.5649639197,9.05791475402623,-260.366968929828,38.6225159673247
A,290.101168074486,10.6411914243079,-273.650679862885,43.9684120583306
A,271.479206605261,15.7491125441721,-240.963314086774,31.2896885274487
A,-2.79690935091739,-1.02785732656868,52.4276016168212,-174.474615098272
A,274.181635386317,-14.9165290856032,224.246647917039,120.144436888354
A,241.893841456377,10.4308135651432,128.949784337452,27.58263200088
G,-74.6453418555519,-101.862149705175,39.3132537141365,-109.655283341783
A,-44.5646177934176,-53.2756167984786,61.5712431175671,-146.127324790397
A,88.7026192469642,68.226523100251,75.4522694839868,-230.379555561723
A,229.16258760077,-24.3267427302706,196.282827341104,101.934904829478
A,275.276575393225,-20.3556024513086,223.352441537106,123.447745098492
A,269.25482917435,-6.11236647292738,214.287354199362,102.473974572073
A,253.738741395754,0.0218836307274667,141.23354839751,30.8127121456092
A,271.8708018825,-14.8051021688502,226.92911562397,120.202404984832
A,281.648426457223,-17.7945461848848,230.816381570818,131.941835418572
A,273.334777088136,-18.1892808174182,234.289849946438,127.683697636146
A,246.441650538542,-22.5636804456858,201.741414349221,108.533755862644
A,271.752304614476,-15.2594929881234,233.308941558023,127.556278951877
A,255.669716678908,-21.3268844238555,220.75952496394,119.848014494823
A,260.859449522124,2.43708502851167,216.797631253361,72.3333504805905
A,281.169945388629,-14.1722470726766,237.723806556381,128.233919077847
A,261.690157342945,-16.0305514777136,216.674302672949,120.06601164394
G,100.375691541859,1.98937454378522,81.5164853503222,-94.3378903240891
A,91.0746174353025,83.5198992415363,73.4631272058512,-256.263290945171
G,91.6777155000539,-83.987227480882,121.87287056532,101.19518458363
A,174.602195836327,7.05095928820629,121.697550344733,-34.2326396524052
G,67.703998281752,83.8593079738923,56.3022483929685,-248.142460205319
N,196.835556306988,18.5036704716908,110.937252024645,-30.0897918382832
N,57.9177608679325,101.365094283534,70.8095057093738,22.7596663746642
N,195.311943990526,6.26973774621012,119.390659041222,-2.54765989250875
A,2.69854756422207,14.3916012374386,64.9963903903898,-228.110320836606
A,221.9094707803,6.34317735746391,126.91665436401,21.5549983245382
G,102.703940241795,25.6771149826005,90.2184547119469,-120.878272405025
A,265.750733845237,5.13137779514722,214.097128594436,54.5143338264883
A,121.569721685487,11.5305610280295,146.81550511795,-83.4751155158339
A,273.374074885496,-16.6211768429612,223.744562192513,127.574555716389
A,274.332505685398,-13.5995072875323,231.803750011218,115.381318150419
G,20.9911658986335,48.1688269110603,64.4251150250277,-239.02293419475
G,-134.103322812226,-134.455943691893,29.3345192414826,-90.6017577182848
A,277.496938471562,-11.2391454745989,219.75414925851,122.229611807705
A,271.052437908796,-15.5766739672493,229.603457835538,128.431392590591
N,261.677724762238,-21.560253442365,222.116420181499,127.337554082361
N,115.093301387225,58.0288429793918,102.513111455636,-208.852668324043
A,56.6353170534684,50.8834620945086,86.1031043049105,-204.763726283199
A,-184.141455259526,132.094147757316,6.80120090588011,43.9743774057733
A,-121.192108615959,221.541775832486,-11.8223156665113,13.2788196361286
A,304.382741617236,-14.2385799480253,243.108455509958,132.352627880374
A,295.913969097069,-12.401099630206,238.887522490481,130.975999417561
G,38.5696211408172,20.0323678572894,74.7384546534349,-186.207246648931
A,-127.537020710035,226.222787088192,-14.2737794384597,15.3522045851389
A,33.7115939314786,57.9379935712029,-30.284378701936,-126.99426291988
G,-195.504918765092,118.87144225879,1.98994092562444,49.2060271186405
G,-147.023056565035,83.0660970469856,-26.9220554112811,34.0671915342506
A,-184.176288737801,101.799526230889,-3.23438051215261,48.3181947863484
A,-154.334003175725,123.881573236173,-2.09387981521773,32.453987629483
G,-150.516266424258,151.323478609354,-17.7911296974836,34.0819137692746
A,277.218941713338,8.64605050209878,-265.139186709973,40.7671827758823
A,280.10249217605,13.854613021085,-252.687664826695,35.6847109282674
G,156.449696968321,36.1413273208231,-79.4892137331697,-108.208918784826
A,292.529489838295,12.4516262630874,-277.823673520963,41.1344512913285
A,287.633746909889,10.1335883482327,-267.016584505766,44.0386543207627
A,253.630215641799,1.34654844290413,-236.804062306783,36.6376188792479
A,279.341733237338,7.91739923918561,-261.949219406397,40.6477009823685
A,290.498229884719,12.5002939741485,-274.193859399963,41.9141784749328
A,273.111741825695,6.64910271249628,-254.735664502631,39.3117218639913
A,284.683008686843,11.5377433998071,-269.155551218288,41.0032700154754
G,182.464585272453,1.60142739426795,131.735646769096,40.4777827412226
G,168.506218732817,4.75042439315086,177.180076770641,-40.8477482808976
G,-109.434563811496,-164.612227320685,-23.7861977823433,-1.15516717740961
N,123.689246028474,67.2404445682456,96.0860962066718,-217.029199906286
R,-201.975628167943,60.0833954464217,-1.89256731242197,63.0190592123845
A,-163.356458612832,179.091996700737,-3.23261483545144,56.3484474660801
G,-177.802517423263,118.779037590346,-15.4081060102963,50.9742514477678
G,-189.981371237055,77.5870978493673,5.91651341882805,61.3650000948302
G,-124.563663670609,167.001007699848,-13.6741395008446,27.6385588874994
A,-186.830195637674,116.502866221424,-0.084230590841952,52.3704229262105
A,-182.603905219675,145.49285064651,-2.14532527667309,53.5683758675673
G,-194.667174263422,-101.630933459497,-13.0161262768846,25.5829625937312
G,-168.801514724101,194.229024424758,-8.61484098595326,57.4045590060422
A,157.969460441362,33.6788230653261,-159.137076537645,-91.9616432042292
A,206.143242795784,17.3995875750921,-163.583869899641,-52.3610459889336
A,202.254886153125,16.8897534268781,-160.238009259203,-52.0899507290278
G,-150.239127219491,122.995928193523,10.2165600256015,49.6845467866422
N,-84.7419852146776,66.1586179360845,-0.395344746102764,-3.92526421090297
G,-148.064831267776,62.4825209398282,18.6034047943661,46.3504041612062
A,-142.611079163296,151.792322105654,9.18871152816883,21.8237134507053
G,-150.652936844124,107.644496143807,-4.51886765250333,41.9074307387877
A,-85.6589560365084,-311.372888862212,7.00770603375898,-36.0495954700038
A,-20.8183694281596,56.0477924225906,-33.9613115442054,-80.583820561175
N,70.2602685428986,40.1859497758842,-43.7034394003305,-130.13139025303
