"SNP","Chr","Pos","Hits","MAF","max_negLog10_P","min_negLog10_P","Models","Traits","max_negLog10_HBP","min_negLog10_HBP","min_P","max_P","min_HBP","max_HBP"
"Lcu.1GRN.Chr1p365986872",1,365986872,697,0.470967741935484,174.755870922512,5.00285598414751,"BLINK;MLMM;FarmCPU;GLM;MLM","Cotyledon_RedvsYellow",169.22905754068,2.29492801690964,1.75440185347007e-175,9.93445429007145e-06,5.90122888246168e-170,0.00507074747524805
"Lcu.1GRN.Chr1p361840399",1,361840399,183,0.0419354838709678,83.661754121273,5.02111814896331,"BLINK;FarmCPU;MLMM;GLM;MLM","Cotyledon_RedvsYellow",78.4359707351051,0.935920230933965,2.17894304639327e-84,9.5253699294821e-06,3.66462267843082e-79,0.115899021420601
"Lcu.1GRN.Chr5p1658484",5,1658484,88,0.123456790123457,33.9784834898837,5.06864738086652,"BLINK;FarmCPU;GLM;MLMM;MLM","DTF_Nepal_2017;DTF_Sask_2017_b;DTF_Sask_2017",28.4516701080519,1.25951866698687,1.05079140093707e-34,8.53793057611323e-06,3.53451551159001e-29,0.0550150273264278
"Lcu.1GRN.Chr1p368962767",1,368962767,109,0.432258064516129,33.5958793541427,5.05357546202969,"GLM;MLM","Cotyledon_RedvsYellow",28.6711259636388,2.34034306876601,2.53583298034856e-34,8.83943563815768e-06,2.13242633025226e-29,0.00456727257649798
"Lcu.1GRN.Chr2p44546658",2,44546658,229,0.0679012345679012,33.0427228800122,5.05616083179812,"FarmCPU;GLM;BLINK;MLMM;MLM","DTF_Nepal_2017;DTF_Sask_2017",27.5159094981803,1.25951866698687,9.06310726373671e-34,8.78697049657095e-06,3.04853020098132e-28,0.0550150273264278
"Lcu.1GRN.Chr6p3269280",6,3269280,54,0.281055900621118,32.9160183295342,5.02890318464639,"FarmCPU;GLM;BLINK;MLMM;MLM","DTF_Sask_2017_b;DTF_Nepal_2017;DTF_Sask_2017",27.3892049477024,0.631666548868651,1.21333764009031e-33,9.35614223253952e-06,4.08126741984259e-28,0.233525037843961
"Lcu.1GRN.Chr1p437374598",1,437374598,107,0.476708074534162,30.5553719211226,5.02870584631773,"FarmCPU;GLM;BLINK;MLMM;MLM","DTF_Sask_2017_b;DTF_Sask_2017;DTF_Nepal_2017",25.3295885349547,0.631666548868651,2.78373621145325e-31,9.36039452006729e-06,4.68178499118948e-26,0.233525037843961
"Lcu.1GRN.Chr1p446411579",1,446411579,45,0.279503105590062,28.1803922181297,6.52841120751579,"FarmCPU;GLM","DTF_Sask_2017_b;DTF_Nepal_2017;DTF_Sask_2017",23.1307000910174,3.87549942354838,6.6009703479122e-29,2.96202549626996e-07,7.40116197672061e-24,0.000133198881029925
"Lcu.1GRN.Chr1p357509147",1,357509147,86,0.361290322580645,27.0994015299576,5.08187437154278,"GLM;MLM","Cotyledon_RedvsYellow",22.9527993898373,2.36797434635376,7.95423595976487e-28,8.28181697361558e-06,1.11480936961593e-23,0.004285738353791
"Lcu.1GRN.Chr1p351845237",1,351845237,41,0.346774193548387,27.0108394322286,5.15078421641493,"GLM;MLM","Cotyledon_RedvsYellow",22.8819660590688,2.42742795023147,9.75350178464737e-28,7.06668582448522e-06,1.31230245391859e-23,0.0037374212432777
"Lcu.1GRN.Chr1p371692181",1,371692181,87,0.338709677419355,24.4978189586685,5.00117916837483,"GLM;MLM;FarmCPU;BLINK","Cotyledon_RedvsYellow;DTF_Nepal_2017",20.6612016568651,1.76334819668416,3.17819866820015e-25,9.97288547124718e-06,2.18171663556424e-21,0.0172445475169761
"Lcu.1GRN.Chr1p381165558",1,381165558,42,0.37258064516129,23.4824556248863,5.21828979247658,"GLM;MLM","Cotyledon_RedvsYellow",19.8069005917735,2.4894360543819,3.29264094988621e-24,6.04937082571187e-06,1.55990951885968e-20,0.00324014126836342
"Lcu.1GRN.Chr4p416272481",4,416272481,28,0.277950310559006,23.4812913497039,6.28357554935784,"GLM","DTF_Sask_2017_b;DTF_Sask_2017",18.5479506954351,3.71521651657136,3.30147984482139e-24,5.20504454582015e-07,2.83171345619272e-19,0.000192656418933224
"Lcu.1GRN.Chr1p27007485",1,27007485,15,0.0774193548387097,23.1112311934203,6.13247306009912,"MLMM;GLM;FarmCPU;BLINK","Cotyledon_RedvsYellow",18.061539066308,1.71960303057408,7.74049628572383e-24,7.37100897330868e-07,8.67882504713355e-19,0.019072032117884
"Lcu.1GRN.Chr4p423043571",4,423043571,22,0.288819875776398,22.583916243506,5.14708577818936,"GLM;FarmCPU","DTF_Sask_2017_b;DTF_Sask_2017",18.1277362722222,0.684407846356554,2.60665621200148e-23,7.12712247301715e-06,7.45184353946023e-19,0.206819818965683
"Lcu.1GRN.Chr3p239208186",3,239208186,56,0.461180124223602,22.5595090387785,13.9726197230531,"GLM;BLINK","DTF_Sask_2017_b",18.1277362722222,8.92292759594094,2.7573440643698e-23,1.0650752112287e-14,7.45184353946023e-19,1.19418717858455e-09
"Lcu.1GRN.Chr4p441072457",4,441072457,107,0.397515527950311,22.4088654241453,6.5442550188867,"GLM","DTF_Sask_2017_b;DTF_Sask_2017",18.1277362722222,3.8884304508154,3.90062837642226e-23,2.85591305109185e-07,7.45184353946023e-19,0.000129291373520406
"Lcu.1GRN.Chr4p431243285",4,431243285,3,0.268633540372671,22.3424719025488,18.6879076542007,"GLM","DTF_Sask_2017_b",18.1277362722222,16.1385144060884,4.54493940549303e-23,2.05159837214243e-19,7.45184353946023e-19,7.26918286030082e-17
"Lcu.1GRN.Chr2p414512712",2,414512712,23,0.226708074534162,22.2403596883133,18.6277466870306,"GLM","DTF_Sask_2017_b",18.1277362722222,16.0965684997963,5.74963547833342e-23,2.35642332516584e-19,7.45184353946023e-19,8.00629337996019e-17
"Lcu.1GRN.Chr4p418804416",4,418804416,15,0.287267080745342,22.2297533466817,6.21170760320947,"GLM","DTF_Sask_2017_b;DTF_Sask_2017",18.1277362722222,3.67789936529268,5.89178178356254e-23,6.14175370921369e-07,7.45184353946023e-19,0.000209942630627963
"Lcu.1GRN.Chr4p388900786",4,388900786,17,0.304347826086957,22.1418586511255,6.25558219424616,"GLM","DTF_Sask_2017_b;DTF_Sask_2017;DTF_Nepal_2017",18.1277362722222,3.69771849339563,7.21342214653289e-23,5.55159538100731e-07,7.45184353946023e-19,0.000200577173310772
"Lcu.1GRN.Chr3p344658696",3,344658696,87,0.461180124223602,22.0698572583333,5.0405339321541,"GLM;FarmCPU;BLINK","DTF_Sask_2017_b;DTF_Nepal_2017;DTF_Sask_2017",18.1277362722222,0.358818590336483,8.51417831833801e-23,9.10890280104769e-06,7.45184353946023e-19,0.43770490121143
"Lcu.1GRN.Chr2p576098218",2,576098218,4,0.256211180124224,22.0102373835224,18.9771810810092,"GLM","DTF_Sask_2017_b",18.1277362722222,16.351280766915,9.76703213190724e-23,1.05394735674163e-19,7.45184353946023e-19,4.4536822932803e-17
"Lcu.1GRN.Chr5p422393732",5,422393732,10,0.338509316770186,21.880109150414,18.6815112129357,"GLM","DTF_Sask_2017_b",18.085645726706,16.1369690641434,1.31792546520463e-22,2.08203864891447e-19,8.21021014533932e-19,7.29509473145221e-17
"Lcu.1GRN.Chr4p488683410",4,488683410,24,0.256211180124224,21.8642710815317,18.8981514215501,"GLM","DTF_Sask_2017_b",18.085645726706,16.291461366009,1.36687537165953e-22,1.26429546009091e-19,8.21021014533932e-19,5.11138546904326e-17
"Lcu.1GRN.Chr2p409606851",2,409606851,24,0.271739130434783,21.7524468179341,6.56353394908259,"GLM","DTF_Sask_2017_b;DTF_Sask_2017",18.0318134100861,3.90215754557365,1.76828874245348e-22,2.73190788051257e-07,9.29365592863829e-19,0.000125268666527497
"Lcu.1GRN.Chr5p439889246",5,439889246,13,0.288819875776398,21.5235656323851,19.5767082476198,"GLM","DTF_Sask_2017_b",17.8888468532437,16.7878821921213,2.9952589022627e-22,2.65027995818978e-20,1.29167468099666e-18,1.62973805977408e-17
"Lcu.1GRN.Chr2p52953807",2,52953807,77,0.245341614906832,21.4484691200231,6.2448616143842,"GLM;BLINK","DTF_Sask_2017_b;DTF_Sask_2017",17.8459350242531,3.69071382481843,3.56066306794237e-22,5.69034221672466e-07,1.42582089782687e-18,0.000203838481407138
"Lcu.1GRN.Chr2p17508955",2,17508955,17,0.27639751552795,21.3933478090009,6.30386130787331,"GLM","DTF_Sask_2017_b;DTF_Nepal_2017;DTF_Sask_2017",17.7959533528833,3.73032426270874,4.04252012829469e-22,4.96750933743566e-07,1.59972984469894e-18,0.000186069734221071
"Lcu.1GRN.Chr3p224629028",3,224629028,42,0.479813664596273,21.2575883532874,18.7181685113447,"GLM","DTF_Sask_2017_b",17.6898163637766,16.1589031057317,5.52600974833898e-22,1.91351331538559e-19,2.04260145166982e-18,6.93580531633951e-17
"Lcu.1GRN.Chr5p460193195",5,460193195,29,0.436335403726708,20.994199130643,6.19826267249417,"GLM","DTF_Sask_2017_b;DTF_Nepal_2017;DTF_Sask_2017",17.5392677561172,3.67014444897395,1.01344659846829e-21,6.33486446437016e-07,2.88889823717783e-18,0.000213725110861263
"Lcu.1GRN.Chr5p404772161",5,404772161,44,0.319875776397516,20.9441932249751,18.7385393896603,"GLM","DTF_Sask_2017_b",17.5130288753239,16.1698118563495,1.13712124874483e-21,1.82583114225067e-19,3.06881794237736e-18,6.76375929323162e-17
"Lcu.1GRN.Chr3p316080834",3,316080834,1,0.364906832298137,20.9419325965104,20.9419325965104,"GLM","DTF_Sask_2017_b",17.5130288753239,17.5130288753239,1.14305572586739e-21,1.14305572586739e-21,3.06881794237736e-18,3.06881794237736e-18
"Lcu.1GRN.Chr2p553089558",2,553089558,35,0.245341614906832,20.8617476119556,18.6324978253176,"GLM","DTF_Sask_2017_b",17.4779490303779,16.0995613607158,1.37484072463764e-21,2.3307847864048e-19,3.32698597139704e-18,7.95130914925674e-17
"Lcu.1GRN.Chr4p392270347",4,392270347,1,0.282608695652174,20.8370633521259,20.8370633521259,"GLM","DTF_Sask_2017_b",17.4563780059722,17.4563780059722,1.45524678292265e-21,1.45524678292265e-21,3.4964071045096e-18,3.4964071045096e-18
"Lcu.1GRN.Chr2p579805908",2,579805908,17,0.271739130434783,20.7730220367271,6.47909616423796,"GLM","DTF_Sask_2017_b;DTF_Nepal_2017;DTF_Sask_2017",17.4200388055305,3.84400438410801,1.68646744943205e-21,3.31820975513072e-07,3.80155426761366e-18,0.000143217344172225
"Lcu.1GRN.Chr2p556312868",2,556312868,4,0.259316770186335,20.7710221932064,20.2291903517405,"GLM","DTF_Sask_2017_b",17.4200388055305,17.1794982246283,1.6942512190391e-21,5.89942451083806e-21,3.80155426761366e-18,6.61457241479021e-18
"Lcu.1GRN.Chr2p104446207",2,104446207,3,0.419254658385093,20.7404703326708,18.8184073943049,"GLM","DTF_Sask_2017_b",17.4045785298128,16.2281077549519,1.81773122389186e-21,1.51912183363426e-19,3.93932189764796e-18,5.91414877099599e-17
"Lcu.1GRN.Chr5p401496919",5,401496919,7,0.307453416149068,20.6527713933018,18.7324016004618,"GLM","DTF_Sask_2017_b",17.353155006762,16.1674836922977,2.22448051876038e-21,1.85181841930546e-19,4.43450341045671e-18,6.80011578871746e-17
"Lcu.1GRN.Chr4p181401741",4,181401741,21,0.454968944099379,20.6390311005254,6.31790120645713,"GLM","DTF_Sask_2017_b;DTF_Nepal_2017;DTF_Sask_2017",17.3525676793057,3.73770431460421,2.29598422310714e-21,4.80948742485973e-07,4.44050456322378e-18,0.000182934528512693
"Lcu.1GRN.Chr2p316171160",2,316171160,11,0.304347826086957,20.638831812855,18.8365491193296,"GLM","DTF_Sask_2017_b",17.3525676793057,16.2422095021749,2.29703803881159e-21,1.45697090990892e-19,4.44050456322378e-18,5.72519782772588e-17
"Lcu.1GRN.Chr6p274444991",6,274444991,5,0.237577639751553,20.60654013478,6.20747387852362,"GLM;FarmCPU","DTF_Sask_2017_b;DTF_Nepal_2017",17.332579783928,1.72205318184997,2.47434278748173e-21,6.2019194516862e-07,4.64964949942383e-18,0.0189647367291394
"Lcu.1GRN.Chr2p568169092",2,568169092,12,0.240683229813665,20.5870943657187,6.3166815638287,"GLM","DTF_Sask_2017_b;DTF_Nepal_2017;DTF_Sask_2017",17.3203523718719,3.73770431460421,2.58765059615231e-21,4.82301304048943e-07,4.78241905536243e-18,0.000182934528512693
"Lcu.1GRN.Chr2p220888504",2,220888504,3,0.309006211180124,20.5583259911407,6.71239965944262,"GLM","DTF_Sask_2017_b;DTF_Sask_2017",17.3105415371445,3.9984996342536,2.76486549649536e-21,1.93910059918392e-07,4.89168477449416e-18,0.000100346069422415
"Lcu.1GRN.Chr5p397494394",5,397494394,5,0.313664596273292,20.5516481098615,18.6686534039753,"GLM","DTF_Sask_2017_b",17.3105415371445,16.1268171485589,2.80770768131428e-21,2.14460145364662e-19,4.89168477449416e-18,7.46763102648812e-17
"Lcu.1GRN.Chr4p438502078",4,438502078,13,0.309006211180124,20.5436386547879,18.6804001956623,"GLM","DTF_Sask_2017_b",17.3105415371445,16.136310201499,2.85996912838937e-21,2.08737176348856e-19,4.89168477449416e-18,7.30617042632006e-17
"Lcu.1GRN.Chr5p389568855",5,389568855,9,0.313664596273292,20.540898674618,18.6491479961552,"GLM","DTF_Sask_2017_b",17.3105415371445,16.1135606900158,2.87806981978329e-21,2.24311739801838e-19,4.89168477449416e-18,7.69908846754336e-17
"Lcu.1GRN.Chr6p278097942",6,278097942,20,0.236024844720497,20.5296545594932,6.34611466725895,"GLM","DTF_Sask_2017_b;DTF_Sask_2017",17.3105415371445,3.75931944043474,2.95355757048905e-21,4.50697690613929e-07,4.89168477449416e-18,0.000174052617794185
"Lcu.1GRN.Chr5p37198812",5,37198812,9,0.380434782608696,20.5079230410703,6.78084393511696,"GLM;BLINK","DTF_Sask_2017_b;DTF_Nepal_2017",17.3094892626772,2.53278415423791,3.10510977875561e-21,1.65636507575335e-07,4.90355145986238e-18,0.0029323502707154
"Lcu.1GRN.Chr2p126729106",2,126729106,5,0.399068322981366,20.4753708494413,19.2707692576398,"GLM","DTF_Sask_2017_b",17.3031810412742,16.5783765794895,3.34679530105393e-21,5.36081404013932e-20,4.97529640075855e-18,2.64011850108279e-17
"Lcu.1GRN.Chr2p549083477",2,549083477,4,0.25,20.4326596332941,19.9012408585613,"GLM","DTF_Sask_2017_b",17.3002979322884,17.0028164067797,3.69266888259241e-21,1.25533356595519e-20,5.00843529851194e-18,9.93535966069767e-18
"Lcu.1GRN.Chr5p415384237",5,415384237,9,0.304347826086957,20.3908015066274,7.6473196113473,"GLM","DTF_Sask_2017_b;DTF_Nepal_2017",17.2806286321338,5.06597481464725,4.0662913568547e-21,2.25258085494469e-08,5.2404836200427e-18,8.59063338361882e-06
"Lcu.1GRN.Chr3p448586972",3,448586972,5,0.245341614906832,20.3825300481868,6.79131499464694,"FarmCPU;BLINK;GLM","DTF_Sask_2017_b;DTF_Sask_2017",15.554686670691,3.20644006614438,4.14447908013934e-21,1.61690686649363e-07,2.78813198949846e-16,0.000621670034039945
"Lcu.1GRN.Chr5p418421181",5,418421181,6,0.305900621118012,20.3681500242483,18.7452735312191,"GLM","DTF_Sask_2017_b",17.2662182790475,16.1739949697846,4.28400506621463e-21,1.79773829094255e-19,5.41728545905043e-18,6.69892368399318e-17
"Lcu.1GRN.Chr2p401971983",2,401971983,17,0.281055900621118,20.3151896537549,18.6391500856784,"GLM","DTF_Sask_2017_b",17.2339804751966,16.1053318022779,4.83960978619835e-21,2.29535527057436e-19,5.83471335109025e-18,7.84635941359031e-17
"Lcu.1GRN.Chr1p354861007",1,354861007,8,0.383870967741936,20.2897525193799,6.60469418816262,"GLM;MLM","Cotyledon_RedvsYellow",17.0084518053622,3.77423719506408,5.13153718867373e-21,2.48488223854613e-07,9.80727141785577e-18,0.000168175529966408
"Lcu.1GRN.Chr2p572729078",2,572729078,3,0.288819875776398,20.2428102654672,8.87529236271132,"GLM;BLINK","DTF_Sask_2017_b;DTF_Nepal_2017",17.1830818287343,5.99390125022853,5.71728358750727e-21,1.33262402094066e-09,6.56021648617264e-18,1.01414195486821e-06
"Lcu.1GRN.Chr3p351560002",3,351560002,11,0.349378881987578,20.2387628036259,7.67201631075709,"GLM","DTF_Sask_2017_b;DTF_Nepal_2017",17.1830818287343,5.08322202640142,5.77081558991848e-21,2.12805912116522e-08,6.56021648617264e-18,8.25615758257187e-06
"Lcu.1GRN.Chr2p546091303",2,546091303,4,0.246894409937888,20.2291903517405,19.970694418496,"GLM","DTF_Sask_2017_b",17.1794982246283,17.0371671036846,5.89942451083806e-21,1.06980736024667e-20,6.61457241479021e-18,9.17979317204318e-18
"Lcu.1GRN.Chr4p357446214",4,357446214,5,0.343167701863354,20.2166737661096,9.59640371732406,"GLM;MLM","DTF_Sask_2017_b;Cotyledon_RedvsYellow",17.1684268798716,6.58941832926791,6.07192269794404e-21,2.53277308644002e-10,6.78536352870214e-18,2.57384073947605e-07
"Lcu.1GRN.Chr1p99875893",1,99875893,6,0.375806451612903,20.1785188198206,5.11637549642561,"GLM;MLMM;MLM","Cotyledon_RedvsYellow",16.9069779430921,2.39844798195355,6.6295061858802e-21,7.64934948616566e-06,1.23885950401442e-17,0.00399532412828119
"Lcu.1GRN.Chr1p254231226",1,254231226,2,0.337096774193548,20.1634177142167,6.62065793161739,"GLM;MLM","Cotyledon_RedvsYellow",16.894282907254,3.78932622627571,6.86407919812554e-21,2.39520157393459e-07,1.27560758432922e-17,0.000162432816092673
"Lcu.1GRN.Chr3p236125285",3,236125285,7,0.467391304347826,20.1618345690135,18.7189888885604,"GLM","DTF_Sask_2017_b",17.146507277656,16.1589031057317,6.88914667003463e-21,1.90990212285405e-19,7.13662245882677e-18,6.93580531633951e-17
"Lcu.1GRN.Chr2p132671949",2,132671949,24,0.263975155279503,20.1285783899289,5.45666332745768,"GLM;FarmCPU","DTF_Sask_2017_b",17.1318656276393,1.10594120468149,7.43740805961202e-21,3.49411079985473e-06,7.38132575821756e-18,0.0783535711609823
"Lcu.1GRN.Chr1p69356154",1,69356154,4,0.325806451612903,20.1077629879202,5.27612807146988,"GLM;BLINK","Cotyledon_RedvsYellow",16.8527912126249,1.12952593134961,7.80255811534023e-21,5.29507271576498e-06,1.40348827036505e-17,0.074211988507655
"Lcu.1GRN.Chr1p283453538",1,283453538,3,0.338709677419355,20.1014741611882,6.68929214006447,"GLM;MLM","Cotyledon_RedvsYellow",16.84881862862,3.85532567750983,7.91636552481311e-21,2.04506850265315e-07,1.41638517153447e-17,0.000139532161669763
"Lcu.1GRN.Chr3p332265230",3,332265230,24,0.372670807453416,20.0165214386669,7.66674179539503,"GLM","DTF_Sask_2017_b;DTF_Nepal_2017",17.0614168886437,5.07944766618178,9.62672490094037e-21,2.15406202598464e-08,8.68126695644667e-18,8.32822277579741e-06
"Lcu.1GRN.Chr1p589234461",1,589234461,3,0.217391304347826,20.0069499998191,6.21566953211745,"GLM","DTF_Sask_2017_b;DTF_Sask_2017",17.0604564005163,3.67963884208871,9.84124401157913e-21,6.08597925805043e-07,8.70048774201028e-18,0.000209103430550832
"Lcu.1GRN.Chr2p135922682",2,135922682,26,0.268633540372671,19.9426819958529,18.6182941965485,"GLM","DTF_Sask_2017_b",17.0213730035908,16.0910463029427,1.141085020252e-20,2.40827348122879e-19,9.51978184912957e-18,8.10874600661147e-17
"Lcu.1GRN.Chr4p435789300",4,435789300,1,0.307453416149068,19.8986678953988,19.8986678953988,"GLM","DTF_Sask_2017_b",17.0022823885919,17.0022823885919,1.26279282200613e-20,1.26279282200613e-20,9.94758391474794e-18,9.94758391474794e-18
"Lcu.1GRN.Chr1p452396197",1,452396197,2,0.402173913043478,19.8878478298512,6.08751834461105,"GLM;BLINK","DTF_Sask_2017_b;Cotyledon_RedvsYellow",16.9945029035989,1.86173495844316,1.2946493873459e-20,8.17488506476987e-07,1.01273797784506e-17,0.0137488078229072
"Lcu.1GRN.Chr6p22044874",6,22044874,20,0.290372670807453,19.8657900143666,5.04255398934133,"GLM;BLINK;FarmCPU;MLMM","DTF_Sask_2017_b;DTF_Sask_2017;DTF_Nepal_2017",16.9804507430389,0.469983116948785,1.36210311346336e-20,9.066632456887e-06,1.04604232412404e-17,0.338857328847301
"Lcu.1GRN.Chr2p565389039",2,565389039,4,0.22360248447205,19.8544252573689,5.15250811096455,"GLM;MLM","DTF_Sask_2017_b;DTF_Nepal_2017;DTF_Sask_2017",16.9774596492233,1.27912150733406,1.39821752962723e-20,7.03869082223753e-06,1.05327154319822e-17,0.0525870117352187
"Lcu.1GRN.Chr3p179010556",3,179010556,11,0.341614906832298,19.852995017057,7.54872175831301,"GLM","DTF_Sask_2017_b;DTF_Nepal_2017;DTF_Sask_2017",16.9774596492233,4.4917303924593,1.40282980004816e-20,2.82669038522817e-08,1.05327154319822e-17,3.22306903324761e-05
"Lcu.1GRN.Chr5p228895564",5,228895564,1,0.305900621118012,19.8462845945979,19.8462845945979,"GLM","DTF_Sask_2017_b",16.9717175537693,16.9717175537693,1.42467369429909e-20,1.42467369429909e-20,1.06729001454411e-17,1.06729001454411e-17
"Lcu.1GRN.Chr2p393532404",2,393532404,1,0.298136645962733,19.820564358047,19.820564358047,"GLM","DTF_Sask_2017_b",16.9539578294874,16.9539578294874,1.51159567958076e-20,1.51159567958076e-20,1.11183968300071e-17,1.11183968300071e-17
"Lcu.1GRN.Chr3p348606448",3,348606448,22,0.305900621118012,19.812569664758,5.07778254952578,"GLM;MLMM","DTF_Sask_2017_b;DTF_Nepal_2017",16.9539578294874,0.469983116948785,1.53967952774519e-20,8.36021507935224e-06,1.11183968300071e-17,0.338857328847301
"Lcu.1GRN.Chr5p45799462",5,45799462,6,0.388198757763975,19.8039710511936,9.69537321625858,"GLM","DTF_Sask_2017_b;DTF_Nepal_2017",16.9510996679958,6.60152912530111,1.57046748363712e-20,2.01663260100781e-10,1.11918100861985e-17,2.50305777897858e-07
"Lcu.1GRN.Chr5p428423763",5,428423763,1,0.309006211180124,19.7924560126441,19.7924560126441,"GLM","DTF_Sask_2017_b",16.9414209724864,16.9414209724864,1.61266435717872e-20,1.61266435717872e-20,1.14440310512897e-17,1.14440310512897e-17
"Lcu.1GRN.Chr1p103758902",1,103758902,6,0.37741935483871,19.7789998690665,6.36135153049308,"GLM;MLM","Cotyledon_RedvsYellow",16.5618166546606,3.54465551377302,1.66341315186496e-20,4.35159500430217e-07,2.74273182183021e-17,0.000285328061756747
"Lcu.1GRN.Chr4p491978240",4,491978240,3,0.236024844720497,19.7618464403997,5.6570756416723,"GLM;BLINK;FarmCPU","DTF_Sask_2017_b;Cotyledon_RedvsYellow",16.9243419176915,1.33438224249635,1.73042810282801e-20,2.2025428097075e-06,1.19030451874018e-17,0.0463039198295552
"Lcu.1GRN.Chr1p498741745",1,498741745,4,0.0967741935483871,19.7570184984108,9.01673061667961,"GLM;MLM","Cotyledon_RedvsYellow",16.5440723369481,6.04501168342606,1.74977215695356e-20,9.62208930367546e-10,2.85711461707766e-17,9.0154688379092e-07
"Lcu.1GRN.Chr6p328654473",6,328654473,9,0.285714285714286,19.737568748421,7.80361124941782,"GLM","DTF_Sask_2017_b;Cotyledon_RedvsYellow;DTF_Nepal_2017",16.9062370430793,5.18955117125727,1.82991640928112e-20,1.5717691145471e-08,1.24097478395295e-17,6.46321835883698e-06
"Lcu.1GRN.Chr7p30175115",7,30175115,1,0.329192546583851,19.7289133957925,19.7289133957925,"GLM","DTF_Sask_2017_b",16.8996555065598,16.8996555065598,1.86675190935939e-20,1.86675190935939e-20,1.25992441965004e-17,1.25992441965004e-17
"Lcu.1GRN.Chr1p331833477",1,331833477,3,0.341935483870968,19.6956515647612,5.00674138068938,"GLM;MLM","Cotyledon_RedvsYellow",16.4848085283863,2.29683183823316,2.01534051270446e-20,9.84597251962075e-06,3.27485044558871e-17,0.00504856743674889
"Lcu.1GRN.Chr5p235883870",5,235883870,1,0.309006211180124,19.6748286135386,19.6748286135386,"GLM","DTF_Sask_2017_b",16.8606649333339,16.8606649333339,2.1143232546487e-20,2.1143232546487e-20,1.37827242286128e-17,1.37827242286128e-17
"Lcu.1GRN.Chr6p341922120",6,341922120,2,0.495341614906832,19.6677133387043,19.2835807426618,"GLM","DTF_Sask_2017_b",16.857737680172,16.586071133661,2.14924864345351e-20,5.20498230414315e-20,1.38759370144439e-17,2.59375449288551e-17
"Lcu.1GRN.Chr5p309616829",5,309616829,2,0.321428571428571,19.5558976102733,18.7557363007391,"GLM","DTF_Sask_2017_b",16.775718427379,16.1821992555746,2.78036869316041e-20,1.75494576389651e-19,1.67602916883923e-17,6.57356171230042e-17
"Lcu.1GRN.Chr1p231345523",1,231345523,4,0.338709677419355,19.5540644228708,5.13232407402612,"GLM;MLM","Cotyledon_RedvsYellow",16.3596895009545,2.4130457202631,2.79212962840286e-20,7.37353805464622e-06,4.36828031031156e-17,0.00386326304490216
"Lcu.1GRN.Chr1p297644510",1,297644510,3,0.338709677419355,19.5540644228708,5.13232407402612,"GLM;MLM","Cotyledon_RedvsYellow",16.3596895009545,2.4130457202631,2.79212962840286e-20,7.37353805464622e-06,4.36828031031156e-17,0.00386326304490216
"Lcu.1GRN.Chr2p113454809",2,113454809,4,0.316770186335404,19.5156324222805,18.730017678839,"GLM","DTF_Sask_2017_b",16.7408674882681,16.1655736326772,3.0504757558715e-20,1.86201133816643e-19,1.81606969659333e-17,6.83008907072003e-17
"Lcu.1GRN.Chr2p216722064",2,216722064,1,0.28416149068323,19.4919338353194,19.4919338353194,"GLM","DTF_Sask_2017_b",16.7253353677997,16.7253353677997,3.22155955787623e-20,3.22155955787623e-20,1.88219507284825e-17,1.88219507284825e-17
"Lcu.1GRN.Chr6p436535353",6,436535353,12,0.313664596273292,19.4879265953168,7.54172340871979,"GLM","DTF_Sask_2017_b;DTF_Nepal_2017",16.7243846538298,5.00123380393868,3.25142248456265e-20,2.87260949262107e-08,1.88631989891466e-17,9.97163093090271e-06
"Lcu.1GRN.Chr1p240454407",1,240454407,4,0.337096774193548,19.469903554775,11.9016722648753,"GLM","Cotyledon_RedvsYellow",16.3010250199436,9.36207811295139,3.38919412747727e-20,1.25408719981555e-12,5.00005728542608e-17,4.34432079444239e-10
"Lcu.1GRN.Chr1p309150460",1,309150460,4,0.337096774193548,19.469903554775,12.2537205231299,"GLM","Cotyledon_RedvsYellow",16.3010250199436,9.67775860018656,3.38919412747727e-20,5.57544424095906e-13,5.00005728542608e-17,2.10010689025608e-10
"Lcu.1GRN.Chr5p231762397",5,231762397,1,0.31055900621118,19.4287791130306,19.4287791130306,"GLM","DTF_Sask_2017_b",16.6894262057171,16.6894262057171,3.72581156962967e-20,3.72581156962967e-20,2.04443729240069e-17,2.04443729240069e-17
"Lcu.1GRN.Chr2p201861319",2,201861319,1,0.262422360248447,19.4141069671323,19.4141069671323,"GLM","DTF_Sask_2017_b",16.6791859725245,16.6791859725245,3.8538342568142e-20,3.8538342568142e-20,2.09321591209059e-17,2.09321591209059e-17
"Lcu.1GRN.Chr6p219683583",6,219683583,1,0.220496894409938,19.3755115282384,19.3755115282384,"GLM","DTF_Sask_2017_b",16.6480386958601,16.6480386958601,4.21200105954202e-20,4.21200105954202e-20,2.24885422284916e-17,2.24885422284916e-17
"Lcu.1GRN.Chr1p248361933",1,248361933,4,0.335483870967742,19.3703950671196,15.5704922962042,"GLM","Cotyledon_RedvsYellow",16.2109376063137,12.7469702924909,4.26191646242051e-20,2.68848553273333e-16,6.15265259534335e-17,1.79072834294834e-13
"Lcu.1GRN.Chr3p158675883",3,158675883,1,0.476708074534162,19.3548461589682,19.3548461589682,"GLM","DTF_Sask_2017_b",16.6321722094717,16.6321722094717,4.41726893472859e-20,4.41726893472859e-20,2.33253296666853e-17,2.33253296666853e-17
"Lcu.1GRN.Chr3p220399363",3,220399363,2,0.332298136645963,19.3524436256872,18.6653269688843,"GLM","DTF_Sask_2017_b",16.6311311020137,16.1248373641032,4.44177314793889e-20,2.16109088265682e-19,2.33813131213265e-17,7.50175084547603e-17
"Lcu.1GRN.Chr1p263734719",1,263734719,2,0.335483870967742,19.3503294528359,13.5322090500186,"GLM","Cotyledon_RedvsYellow",16.1927319284141,10.8590938799629,4.46344869513022e-20,2.93623593854917e-14,6.4160549027131e-17,1.38326733045094e-11
"Lcu.1GRN.Chr5p6639227",5,6639227,3,0.237577639751553,19.3286920685693,8.00608160455972,"GLM","DTF_Sask_2017_b;DTF_Nepal_2017",16.613453692608,5.33780542029748,4.69145906671506e-20,9.86094179703102e-09,2.43526545045331e-17,4.59403796321597e-06
"Lcu.1GRN.Chr2p109565078",2,109565078,2,0.312111801242236,19.3245650358439,18.9449223997704,"GLM","DTF_Sask_2017_b",16.6119992497439,16.3276650471797,4.73625377196156e-20,1.13521363880939e-19,2.44343477379355e-17,4.70256657691375e-17
"Lcu.1GRN.Chr6p237365204",6,237365204,4,0.329192546583851,19.313783490692,6.51192663462318,"GLM;BLINK","DTF_Sask_2017_b;DTF_Sask_2017",16.6058555234541,3.86489925855987,4.85530491889614e-20,3.07661650374069e-07,2.47824635759383e-17,0.000136489970983933
"Lcu.1GRN.Chr2p425612987",2,425612987,3,0.169254658385093,19.2888584353275,5.55528094666992,"GLM;MLMM;MLM","DTF_Sask_2017_b;DTF_Nepal_2017",16.5872179798668,0.660196994920706,5.14211238981745e-20,2.7843193996248e-06,2.58691417255288e-17,0.218676948563075
"Lcu.1GRN.Chr2p398654989",2,398654989,2,0.313664596273292,19.2797942492801,18.7089715416294,"GLM","DTF_Sask_2017_b",16.5844403114917,16.1525050360276,5.25056151171237e-20,1.95446752357547e-19,2.60351262801475e-17,7.03874065848511e-17
"Lcu.1GRN.Chr5p408826506",5,408826506,13,0.377329192546584,19.2787447806174,18.616559432055,"GLM","DTF_Sask_2017_b",16.5844403114917,16.0897460502232,5.26326478831166e-20,2.4179124303466e-19,2.60351262801475e-17,8.13305950458395e-17
"Lcu.1GRN.Chr1p287083912",1,287083912,3,0.338709677419355,19.2737599117311,12.1343863277298,"GLM","Cotyledon_RedvsYellow",16.1235234869558,9.57088845728403,5.32402502631777e-20,7.3386077005583e-13,7.52448036145979e-17,2.68603422895941e-10
"Lcu.1GRN.Chr2p117059436",2,117059436,5,0.31832298136646,19.2675783728576,6.4345488869509,"GLM","DTF_Sask_2017_b;DTF_Sask_2017",16.5761548911304,3.81190987340319,5.40034651223851e-20,3.6766400444846e-07,2.65365896569254e-17,0.000154202042623834
"Lcu.1GRN.Chr1p385772554",1,385772554,66,0.146774193548387,19.2673201584039,5.16788721137129,"GLM;MLM","Cotyledon_RedvsYellow",16.1189046775202,2.44316308742115,5.40355830102824e-20,6.79380048385619e-06,7.60493177841827e-17,0.00360443262989472
"Lcu.1GRN.Chr5p372439044",5,372439044,1,0.305900621118012,19.2570436310078,19.2570436310078,"GLM","DTF_Sask_2017_b",16.5678186874114,16.5678186874114,5.53294520182904e-20,5.53294520182904e-20,2.70508746904597e-17,2.70508746904597e-17
"Lcu.1GRN.Chr1p434703257",1,434703257,14,0.493788819875776,19.2292114525688,6.24201147416179,"GLM","DTF_Sask_2017_b;Cotyledon_RedvsYellow;DTF_Sask_2017",16.5493533957567,3.6892489951228,5.89913788569107e-20,5.72780897780624e-07,2.8225822378325e-17,0.000204527167987023
"Lcu.1GRN.Chr5p260462090",5,260462090,1,0.324534161490683,19.2165741833337,19.2165741833337,"GLM","DTF_Sask_2017_b",16.5397940591916,16.5397940591916,6.07331513618892e-20,6.07331513618892e-20,2.88539942431421e-17,2.88539942431421e-17
"Lcu.1GRN.Chr3p444479403",3,444479403,3,0.358695652173913,19.2119090346395,5.69456156915609,"GLM;FarmCPU","DTF_Sask_2017_b;DTF_Sask_2017",16.5363540015267,1.28169153963105,6.13890574446375e-20,2.02040498246797e-06,2.90834550499724e-17,0.0522767355952156
"Lcu.1GRN.Chr5p394115181",5,394115181,5,0.380434782608696,19.2033273614233,6.82736151120856,"GLM","DTF_Sask_2017_b;DTF_Sask_2017",16.5320331352593,4.07652246050606,6.26141715189229e-20,1.48812183403112e-07,2.93742552737874e-17,8.38450715155015e-05
"Lcu.1GRN.Chr4p385251380",4,385251380,2,0.327639751552795,19.1538029756423,19.0165144352357,"GLM","DTF_Sask_2017_b",16.4952649651165,16.3834628154618,7.0177359657773e-20,9.62688014272062e-20,3.19694404390038e-17,4.13558721962517e-17
"Lcu.1GRN.Chr2p231381515",2,231381515,1,0.285714285714286,19.1217537131838,19.1217537131838,"GLM","DTF_Sask_2017_b",16.4694221490514,16.4694221490514,7.55520559153956e-20,7.55520559153956e-20,3.39295305635432e-17,3.39295305635432e-17
"Lcu.1GRN.Chr6p379438941",6,379438941,2,0.218944099378882,19.1174464627871,7.65430223867173,"GLM;BLINK","DTF_Sask_2017_b",16.4662730179594,3.38276136194317,7.63050949697868e-20,2.21665324682159e-08,3.41764525695103e-17,0.000414227223707576
"Lcu.1GRN.Chr4p105852774",4,105852774,23,0.487577639751553,19.1156014147956,18.6232202479195,"GLM","DTF_Sask_2017_b",16.4650058735554,16.0931543592398,7.66299575905475e-20,2.38111160717588e-19,3.42763150862496e-17,8.06948169490302e-17
"Lcu.1GRN.Chr3p40561521",3,40561521,3,0.440993788819876,19.1003612692277,6.20105976307042,"GLM","DTF_Sask_2017_b;DTF_Nepal_2017;DTF_Sask_2017",16.4526437668959,3.67206946198427,7.9366774504265e-20,6.29419562751482e-07,3.52660024302194e-17,0.000212779869411083
"Lcu.1GRN.Chr5p296132640",5,296132640,1,0.31055900621118,19.0306438919887,19.0306438919887,"GLM","DTF_Sask_2017_b",16.3948101071465,16.3948101071465,9.31871668160216e-20,9.31871668160216e-20,4.02893158617028e-17,4.02893158617028e-17
"Lcu.1GRN.Chr4p1646133",4,1646133,7,0.326086956521739,19.0069242651318,6.24336000009096,"GLM;FarmCPU","DTF_Sask_2017_b;DTF_Nepal_2017;DTF_Sask_2017",16.3749808895062,2.80502495165302,9.84182718463737e-20,5.71005116688638e-07,4.2171505997503e-17,0.00156666105766797
"Lcu.1GRN.Chr5p432206765",5,432206765,3,0.305900621118012,18.9998217546382,8.92081642660431,"GLM","DTF_Sask_2017_b;DTF_Nepal_2017",16.3706354640968,6.02291218941992,1.0004105093489e-19,1.20000643071758e-09,4.25955799744507e-17,9.48610244681556e-07
"Lcu.1GRN.Chr1p508808563",1,508808563,29,0.37111801242236,18.9928177094255,6.20722316579729,"GLM","DTF_Sask_2017_b;DTF_Nepal_2017;DTF_Sask_2017",16.3652775149112,3.67648343845069,1.01667534218396e-19,6.20550077518328e-07,4.31243423485994e-17,0.000210628221921905
"Lcu.1GRN.Chr3p389298069",3,389298069,61,0.0833333333333334,18.980374120659,5.00928418389431,"GLM;BLINK;MLM","DTF_Nepal_2017;DTF_Sask_2017",14.6296519978829,1.24589879562537,1.04622689318134e-19,9.78849258349057e-06,2.34610800919151e-15,0.0567676876694996
"Lcu.1GRN.Chr3p329302022",3,329302022,6,0.380434782608696,18.9742518587001,10.2284500359053,"GLM;BLINK","DTF_Sask_2017_b;DTF_Nepal_2017",16.3494413682189,5.81558000638023,1.06108003074438e-19,5.90948948319405e-11,4.47258529700995e-17,1.52904403768733e-06
"Lcu.1GRN.Chr1p219324082",1,219324082,3,0.337096774193548,18.971892348571,17.7905092285716,"GLM","Cotyledon_RedvsYellow",15.8566986727023,14.7861400802461,1.06686053819445e-19,1.61990957115378e-18,1.39091735911183e-16,1.63628865681767e-15
"Lcu.1GRN.Chr5p180524394",5,180524394,1,0.296583850931677,18.954221282476,18.954221282476,"GLM","DTF_Sask_2017_b",16.3337429424493,16.3337429424493,1.11116542009301e-19,1.11116542009301e-19,4.63721313722613e-17,4.63721313722613e-17
"Lcu.1GRN.Chr2p98544801",2,98544801,6,0.434782608695652,18.9042477568983,18.7678079732285,"GLM","DTF_Sask_2017_b",16.2949398846189,16.1889182112283,1.24667210816472e-19,1.70683691374585e-19,5.07060891181428e-17,6.47264500750791e-17
"Lcu.1GRN.Chr3p354893802",3,354893802,1,0.293478260869565,18.852732693574,18.852732693574,"GLM","DTF_Sask_2017_b",16.2531906885958,16.2531906885958,1.4036773962657e-19,1.4036773962657e-19,5.58225037302017e-17,5.58225037302017e-17
"Lcu.1GRN.Chr5p22936408",5,22936408,1,0.304347826086957,18.8289080576026,18.8289080576026,"GLM","DTF_Sask_2017_b",16.236087839602,16.236087839602,1.48283197514905e-19,1.48283197514905e-19,5.80646965058162e-17,5.80646965058162e-17
"Lcu.1GRN.Chr3p265468643",3,265468643,5,0.175465838509317,18.8174474408817,6.3750238568815,"GLM","DTF_Sask_2017_b;DTF_Sask_2017",16.2277766107163,3.77711816529358,1.5224833754746e-19,4.21673339221773e-07,5.91865995681008e-17,0.000167063599639588
"Lcu.1GRN.Chr7p648970828",7,648970828,6,0.281055900621118,18.8170721005308,7.18224647783216,"GLM","DTF_Sask_2017_b;DTF_Nepal_2017;DTF_Sask_2017",16.2277766107163,4.31057153081167,1.52379975520712e-19,6.57284698632173e-08,5.91865995681008e-17,4.89134695187628e-05
"Lcu.1GRN.Chr2p644223580",2,644223580,2,0.277950310559006,18.8127983895023,18.8127983895023,"GLM","DTF_Sask_2017_b",16.2250047841191,16.2250047841191,1.53886885640899e-19,1.53886885640899e-19,5.95655581845479e-17,5.95655581845479e-17
"Lcu.1GRN.Chr1p74267869",1,74267869,7,0.408064516129032,18.8056071451938,5.33633332162839,"GLM;MLM","Cotyledon_RedvsYellow",15.7069285573907,2.59627136194207,1.56456227699813e-19,4.60963648506949e-06,1.96368328144414e-16,0.00253354509080616
"Lcu.1GRN.Chr2p140402066",2,140402066,2,0.296583850931677,18.7999359254639,18.6889199541153,"GLM","DTF_Sask_2017_b",16.2171114187058,16.1385144060884,1.5851270402117e-19,2.04682185673384e-19,6.06580690710909e-17,7.26918286030082e-17
"Lcu.1GRN.Chr1p328601768",1,328601768,2,0.348387096774194,18.7980752902747,6.83477879087287,"GLM;MLM","Cotyledon_RedvsYellow",15.7010141884452,3.99011048541483,1.59193272206644e-19,1.46292212825707e-07,1.99060830454767e-16,0.000102303269753731
"Lcu.1GRN.Chr5p257361090",5,257361090,1,0.368012422360248,18.7582724435998,18.7582724435998,"GLM","DTF_Sask_2017_b",16.184251504812,16.184251504812,1.74472729923666e-19,1.74472729923666e-19,6.54257176658123e-17,6.54257176658123e-17
"Lcu.1GRN.Chr5p470774520",5,470774520,2,0.18944099378882,18.7420950773204,18.7212333689916,"GLM","DTF_Sask_2017_b",16.1714501259639,16.1602541924082,1.81094359089186e-19,1.90005700619739e-19,6.73829273050355e-17,6.91426160973024e-17
"Lcu.1GRN.Chr3p258127045",3,258127045,5,0.270186335403727,18.7348064959216,18.6183064199641,"GLM","DTF_Sask_2017_b",16.1684638916241,16.0910463029427,1.84159235786245e-19,2.40820570023123e-19,6.7847852862773e-17,8.10874600661147e-17
"Lcu.1GRN.Chr2p561527709",2,561527709,48,0.184782608695652,18.720925841501,5.92951102678063,"GLM;FarmCPU","DTF_Sask_2017_b;DTF_Nepal_2017;DTF_Sask_2017",16.1602541924082,1.35694015438808,1.90140292864653e-19,1.1762211199329e-06,6.91426160973024e-17,0.0439602188276078
"Lcu.1GRN.Chr6p214773870",6,214773870,1,0.214285714285714,18.7144668389801,18.7144668389801,"GLM","DTF_Sask_2017_b",16.1570693695023,16.1570693695023,1.92989268958518e-19,1.92989268958518e-19,6.96515251413838e-17,6.96515251413838e-17
"Lcu.1GRN.Chr1p171224647",1,171224647,6,0.346774193548387,18.6904653273441,5.69393359739949,"GLM;MLM","Cotyledon_RedvsYellow",15.6123582654173,2.92678806025724,2.03955148425165e-19,2.02332851718044e-06,2.44141570855257e-16,0.00118361903189293
"Lcu.1GRN.Chr1p176393146",1,176393146,7,0.346774193548387,18.6904653273441,5.62038706773094,"GLM;FarmCPU;MLMM","Cotyledon_RedvsYellow",15.6123582654173,1.37232728685189,2.03955148425165e-19,2.39669589631754e-06,2.44141570855257e-16,0.0424299688714022
"Lcu.1GRN.Chr1p377699900",1,377699900,8,0.143548387096774,18.6672225836265,6.1583490102394,"GLM;MLM","Cotyledon_RedvsYellow",15.5932517587416,3.35334624362007,2.15167867858621e-19,6.94466002501499e-07,2.55122194094846e-16,0.000443255115490364
"Lcu.1GRN.Chr2p151862894",2,151862894,11,0.364906832298137,18.6572189345872,6.2073366222773,"GLM","DTF_Sask_2017_b;DTF_Sask_2017",16.1188525984854,3.67648343845069,2.20181621351176e-19,6.20387984204386e-07,7.6058437892101e-17,0.000210628221921905
"Lcu.1GRN.Chr1p455377406",1,455377406,2,0.456521739130435,18.6545232801109,7.74199691096609,"GLM","DTF_Sask_2017_b;DTF_Nepal_2017",16.1171597159457,5.1384275477645,2.21552533114333e-19,1.81135297629898e-08,7.63554927316278e-17,7.2706368326821e-06
"Lcu.1GRN.Chr3p437386398",3,437386398,6,0.333850931677019,18.6335023797981,5.88429559545221,"FarmCPU;BLINK","DTF_Sask_2017_b",13.8848402483499,2.09759773302291,2.32539974337405e-19,1.30528216671234e-06,1.30364622579916e-14,0.00798734175419072
"Lcu.1GRN.Chr2p353157880",2,353157880,2,0.440993788819876,18.632057589878,11.9040481788911,"GLM","DTF_Sask_2017_b;Cotyledon_RedvsYellow",16.0995613607158,9.36400653132544,2.33314865320213e-19,1.2472451421853e-12,7.95130914925674e-17,4.32507326537568e-10
"Lcu.1GRN.Chr6p304978019",6,304978019,4,0.203416149068323,18.6301595303928,8.62233723950721,"GLM","DTF_Sask_2017_b;Cotyledon_RedvsYellow;DTF_Nepal_2017",16.0981030931485,5.80394475781004,2.34336786248498e-19,2.38595781306308e-09,7.97805281174579e-17,1.57056256694049e-06
"Lcu.1GRN.Chr5p29607744",5,29607744,8,0.347826086956522,18.6232981733167,7.59347760925328,"GLM","DTF_Sask_2017_b;DTF_Nepal_2017",16.0931543592398,5.02997973880752,2.38068440298612e-19,2.54989554835427e-08,8.06948169490302e-17,9.33297841037301e-06
"Lcu.1GRN.Chr2p364423003",2,364423003,1,0.298136645962733,18.6228928546094,18.6228928546094,"GLM","DTF_Sask_2017_b",16.0931543592398,16.0931543592398,2.38290728718827e-19,2.38290728718827e-19,8.06948169490302e-17,8.06948169490302e-17
"Lcu.1GRN.Chr2p143575468",2,143575468,1,0.259316770186335,18.6182941965485,18.6182941965485,"GLM","DTF_Sask_2017_b",16.0910463029427,16.0910463029427,2.40827348122879e-19,2.40827348122879e-19,8.10874600661147e-17,8.10874600661147e-17
"Lcu.1GRN.Chr1p133324600",1,133324600,5,0.367741935483871,18.6056924325188,5.23395797382275,"GLM;MLM","Cotyledon_RedvsYellow",15.5412770485858,2.5023291816733,2.47917719009056e-19,5.83501566316921e-06,2.87556342723859e-16,0.00314536332303403
"Lcu.1GRN.Chr1p342359925",1,342359925,18,0.435483870967742,18.4899976292343,7.54560467864638,"GLM;MLM","Cotyledon_RedvsYellow",15.4344759584614,4.64718022686482,3.23595423396523e-19,2.84705148840129e-08,3.67725749262224e-16,2.25330392470371e-05
"Lcu.1GRN.Chr1p153033557",1,153033557,1,0.351612903225806,18.4567848353431,18.4567848353431,"GLM","Cotyledon_RedvsYellow",15.4027279028284,15.4027279028284,3.49313334643217e-19,3.49313334643217e-19,3.95614405501464e-16,3.95614405501464e-16
"Lcu.1GRN.Chr1p166303247",1,166303247,3,0.348387096774194,18.4247862504931,14.9886781410354,"GLM;FarmCPU","Cotyledon_RedvsYellow",15.3721891327375,9.93898601392322,3.76022428128136e-19,1.02641232647857e-15,4.2443468483952e-16,1.15083745006872e-10
"Lcu.1GRN.Chr1p87528539",1,87528539,3,0.417741935483871,18.1824772111701,13.9012920272084,"GLM","Cotyledon_RedvsYellow",15.1498184233566,11.2057083392435,6.56935587097511e-19,1.25518567106128e-14,7.08241835337271e-16,6.22718346044055e-12
"Lcu.1GRN.Chr1p374612061",1,374612061,21,0.182258064516129,18.0871226488792,5.13828824096641,"GLM;BLINK;MLM","Cotyledon_RedvsYellow;DTF_Sask_2017_b",15.0613685292651,2.41731932348709,8.18233678554101e-19,7.27296937808723e-06,8.68223368309803e-16,0.0038254336741499
"Lcu.1GRN.Chr1p237426480",1,237426480,2,0.343548387096774,17.9775326616624,14.519984770115,"GLM","Cotyledon_RedvsYellow",14.9626026408094,11.7769515698525,1.05309448485709e-18,3.0200576262465e-15,1.0899268695013e-15,1.6712769755954e-12
"Lcu.1GRN.Chr6p431657465",6,431657465,26,0.313664596273292,17.7850375793781,5.01153930359672,"FarmCPU;GLM;BLINK","DTF_Sask_2017_b;DTF_Nepal_2017;DTF_Sask_2017",13.1033222375604,1.34804878188531,1.64044781957456e-18,9.73779654402879e-06,7.88275016752624e-14,0.0448694987688401
"Lcu.1GRN.Chr1p320163120",1,320163120,3,0.358064516129032,17.7555433859001,12.0116172086477,"GLM","Cotyledon_RedvsYellow",14.7563599049395,9.46115380581913,1.75572548894128e-18,9.73604990544584e-13,1.75242764254811e-15,3.45816884746051e-10
"Lcu.1GRN.Chr1p90092725",1,90092725,3,0.383870967741936,17.7013449840149,14.462997814131,"GLM","Cotyledon_RedvsYellow",14.7098257222258,11.7264695963323,1.98909266545872e-18,3.44351663932367e-15,1.95062720875322e-15,1.87728583698441e-12
"Lcu.1GRN.Chr1p82958658",1,82958658,1,0.370967741935484,17.6893171637712,17.6893171637712,"GLM","Cotyledon_RedvsYellow",14.6990622245109,14.6990622245109,2.04495067080796e-18,2.04495067080796e-18,1.99957535548739e-15,1.99957535548739e-15
"Lcu.1GRN.Chr1p127890847",1,127890847,2,0.340322580645161,17.6125693104844,17.3121570681276,"GLM","Cotyledon_RedvsYellow",14.6298239730028,14.3558866261776,2.44022959269966e-18,4.87352201099588e-18,2.34517916402173e-15,4.40669886632433e-15
"Lcu.1GRN.Chr1p345508087",1,345508087,13,0.388709677419355,17.3582082058394,13.2037653696408,"GLM","Cotyledon_RedvsYellow",14.394875909402,10.5606134229626,4.38320511431176e-18,6.25510537556862e-14,4.02832118766586e-15,2.75034121550835e-11
"Lcu.1GRN.Chr1p113802146",1,113802146,4,0.346774193548387,16.9992412406956,13.7709695957344,"GLM","Cotyledon_RedvsYellow",14.0682947045472,11.0811129509621,1.00174863494558e-17,1.69445642249264e-14,8.54486676573724e-15,8.29634968652957e-12
"Lcu.1GRN.Chr1p79938927",1,79938927,3,0.345161290322581,16.9985109907527,12.1048358761114,"GLM","Cotyledon_RedvsYellow",14.0682947045472,9.54275341533312,1.00343445476703e-17,7.85532438474696e-13,8.54486676573724e-15,2.86580466087221e-10
"Lcu.1GRN.Chr3p212553749",3,212553749,3,0.187096774193548,16.8725341042003,5.7587140999649,"GLM;MLM","Cotyledon_RedvsYellow",13.9531757455831,2.98471714932129,1.34111461645861e-17,1.74295389831651e-06,1.11384370418354e-14,0.00103581656168733
"Lcu.1GRN.Chr1p268111360",1,268111360,2,0.35,16.8546913290413,16.0819139839303,"GLM","Cotyledon_RedvsYellow",13.9374723564346,13.2225535549884,1.39736117028155e-17,8.28106161614206e-17,1.15485549082087e-14,5.99027065083195e-14
"Lcu.1GRN.Chr1p160876835",1,160876835,4,0.364516129032258,16.8084690815324,15.0295501400898,"GLM","Cotyledon_RedvsYellow",13.8933790077079,12.2446758359872,1.55428594018321e-17,9.34221504454753e-16,1.27826527834133e-14,5.69277689835022e-13
"Lcu.1GRN.Chr1p109737273",1,109737273,3,0.345161290322581,16.5117305822691,14.3041027939648,"GLM","Cotyledon_RedvsYellow",13.6183856560168,11.5827902702914,3.07800568573401e-17,4.96474796003751e-15,2.40776636858905e-14,2.61342312531133e-12
"Lcu.1GRN.Chr1p143099349",1,143099349,1,0.358064516129032,16.386160681077,16.386160681077,"GLM","Cotyledon_RedvsYellow",13.5047695685942,13.5047695685942,4.10997631305977e-17,4.10997631305977e-17,3.1277384671832e-14,3.1277384671832e-14
"Lcu.1GRN.Chr1p66251882",1,66251882,2,0.408064516129032,16.2949762485771,15.2074915520992,"GLM","Cotyledon_RedvsYellow",13.4204092077485,12.4090319522885,5.07018436188668e-17,6.20166707025768e-16,3.79831337027781e-14,3.89913298583433e-13
"Lcu.1GRN.Chr1p348997884",1,348997884,27,0.420967741935484,15.9374406217675,11.7612617311742,"GLM","Cotyledon_RedvsYellow",13.0854883806734,9.23401383756829,1.15493988124072e-16,1.73275942117724e-12,8.2131852649746e-14,5.83426514737861e-10
"Lcu.1GRN.Chr1p407953637",1,407953637,33,0.332258064516129,15.8084727811175,5.26310662012036,"GLM;MLM;FarmCPU","Cotyledon_RedvsYellow",12.9682956685479,1.0536069843031,1.55427269988482e-16,5.45623892944957e-06,1.07573260337892e-13,0.0883879407118723
"Lcu.1GRN.Chr1p414905604",1,414905604,2,0.22258064516129,15.3716984370376,13.4142696679003,"GLM","Cotyledon_RedvsYellow",12.5608883988406,10.7495876653815,4.24914511283587e-16,3.85239075618738e-14,2.74860037340243e-13,1.77996857347044e-11
"Lcu.1GRN.Chr1p203005137",1,203005137,3,0.395161290322581,14.9244690727769,5.08131358322213,"GLM;MLMM","Cotyledon_RedvsYellow",12.1497041387645,1.04586189522453,1.18995606596393e-15,8.29251788337415e-06,7.08428233699274e-13,0.0899783665444165
"Lcu.1GRN.Chr1p389572169",1,389572169,14,0.416129032258065,14.6543866681778,11.8262662880675,"GLM","Cotyledon_RedvsYellow",11.897688581133,9.2915643940226,2.21622235774498e-15,1.49187938184514e-12,1.26564357522514e-12,5.11017303496032e-10
"Lcu.1GRN.Chr1p180842761",1,180842761,3,0.403225806451613,14.5198613724117,6.13441099226119,"GLM;MLMM","Cotyledon_RedvsYellow",11.7769515698525,1.72154096273615,3.02091584835017e-15,7.33819093684634e-07,1.6712769755954e-12,0.0189871174681092
"Lcu.1GRN.Chr2p7898651",2,7898651,46,0.403225806451613,14.5087596833631,5.05184620475886,"GLM;BLINK;MLM","Cotyledon_RedvsYellow;DTF_Nepal_2017;DTF_Sask_2017",11.767276136542,1.38952093889005,3.0991337289505e-15,8.87470233240226e-06,1.70892838525556e-12,0.0407829898359417
"Lcu.1GRN.Chr1p209166107",1,209166107,2,0.3,14.4594319668574,12.9523120765506,"GLM","Cotyledon_RedvsYellow",11.7243092340457,10.3264117624564,3.47190659773823e-15,1.11606097732934e-13,1.88664750656125e-12,4.71615681860976e-11
"Lcu.1GRN.Chr1p410887105",1,410887105,1,0.253225806451613,14.0829375197548,14.0829375197548,"GLM","Cotyledon_RedvsYellow",11.3782922172909,11.3782922172909,8.26156796968826e-15,8.26156796968826e-15,4.18511872478935e-12,4.18511872478935e-12
"Lcu.1GRN.Chr1p35529982",1,35529982,3,0.491935483870968,13.7155870180637,6.53408102068586,"MLMM;BLINK","Cotyledon_RedvsYellow",8.88774364056788,2.26254014395729,1.92492131669543e-14,2.92360690756176e-07,1.29496001706578e-09,0.00546336047042126
"Lcu.1GRN.Chr1p95489047",1,95489047,1,0.438709677419355,13.6944558649717,13.6944558649717,"GLM","Cotyledon_RedvsYellow",11.0083757177516,11.0083757177516,2.02089679450329e-14,2.02089679450329e-14,9.80898978465638e-12,9.80898978465638e-12
"Lcu.1GRN.Chr1p116610765",1,116610765,1,0.417741935483871,13.6876887090027,13.6876887090027,"GLM","Cotyledon_RedvsYellow",11.0022347976256,11.0022347976256,2.05263292559931e-14,2.05263292559931e-14,9.94867405309889e-12,9.94867405309889e-12
"Lcu.1GRN.Chr3p18978155",3,18978155,2,0.190322580645161,13.6317480730392,13.6317480730392,"GLM","Cotyledon_RedvsYellow",10.9531238081987,10.9531238081987,2.33481205492747e-14,2.33481205492747e-14,1.11397691699261e-11,1.11397691699261e-11
"Lcu.1GRN.Chr1p30769626",1,30769626,2,0.425806451612903,13.5135446563866,11.7680230605353,"GLM","Cotyledon_RedvsYellow",10.842855718797,9.23859606310078,3.06517548615289e-14,1.70599180040403e-12,1.43596641051642e-11,5.77303162903928e-10
"Lcu.1GRN.Chr1p48511247",1,48511247,2,0.314516129032258,13.5003992801233,13.1275143145815,"GLM","Cotyledon_RedvsYellow",10.8309183947227,10.488880426668,3.15937167258131e-14,7.45565297386479e-14,1.47598384915439e-11,3.24428929347992e-11
"Lcu.1GRN.Chr7p645659887",7,645659887,11,0.0725806451612904,13.4545448464476,6.22850782516325,"BLINK;GLM","Cotyledon_RedvsYellow;DTF_Nepal_2017;DTF_Sask_2017",8.52979145594372,3.68367159135093,3.51119665057862e-14,5.90870319115856e-07,2.95262670941294e-09,0.000207170735864211
"Lcu.1GRN.Chr6p297914010",6,297914010,5,0.295161290322581,13.3767555171256,8.21467190161053,"GLM","Cotyledon_RedvsYellow;DTF_Nepal_2017",10.7156381952098,5.49876280044735,4.19995350738328e-14,6.0999756078671e-09,1.92469449784468e-11,3.17129906536543e-06
"Lcu.1GRN.Chr1p422766022",1,422766022,8,0.179032258064516,13.2837982069573,11.976364447724,"GLM","Cotyledon_RedvsYellow",10.6326247621296,9.42955443747586,5.20237666553513e-14,1.05593102966666e-12,2.33010363762457e-11,3.71916599639672e-10
"Lcu.1GRN.Chr1p24237694",1,24237694,2,0.358064516129032,13.2233105540507,7.33643271759352,"GLM;MLMM","Cotyledon_RedvsYellow;DTF_Nepal_2017",10.5773107644996,2.2867405904813,5.97983837573722e-14,4.60858160903673e-08,2.64660565122579e-11,0.00516724923362286
"Lcu.1GRN.Chr6p324049462",6,324049462,1,0.270186335403727,13.1408467980609,13.1408467980609,"BLINK","DTF_Sask_2017_b",8.216093407557,8.216093407557,7.23024813216338e-14,7.23024813216338e-14,6.0800421836785e-09,6.0800421836785e-09
"Lcu.1GRN.Chr1p44324471",1,44324471,4,0.27741935483871,13.1031459329662,11.1678631194472,"GLM","Cotyledon_RedvsYellow;DTF_Nepal_2017",10.4667535699352,7.8142360060276,7.8859508694876e-14,6.79417737159543e-12,3.41386568354818e-11,1.53378326171238e-08
"Lcu.1GRN.Chr1p199844129",1,199844129,1,0.409677419354839,13.1014185387256,13.1014185387256,"GLM","Cotyledon_RedvsYellow",10.4655847538834,10.4655847538834,7.91737948184608e-14,7.91737948184608e-14,3.42306578942175e-11,3.42306578942175e-11
"Lcu.1GRN.Chr1p300339182",1,300339182,1,0.0903225806451613,13.067085900639,13.067085900639,"GLM","Cotyledon_RedvsYellow",10.4323671214976,10.4323671214976,8.56868345452415e-14,8.56868345452415e-14,3.69515685583067e-11,3.69515685583067e-11
"Lcu.1GRN.Chr1p156604061",1,156604061,1,0.411290322580645,12.9882249454022,12.9882249454022,"GLM","Cotyledon_RedvsYellow",10.3568341096097,10.3568341096097,1.02748396886234e-13,1.02748396886234e-13,4.39709542181068e-11,4.39709542181068e-11
"Lcu.1GRN.Chr1p191731013",1,191731013,2,0.285483870967742,12.9351533665781,5.87292038765634,"GLM;MLMM","Cotyledon_RedvsYellow",10.3097983061424,1.5502269884804,1.16103853275759e-13,1.3399222916911e-06,4.90006333937353e-11,0.0281691025930787
"Lcu.1GRN.Chr1p123266157",1,123266157,1,0.382258064516129,12.8472042855237,12.8472042855237,"GLM","Cotyledon_RedvsYellow",10.2272644384139,10.2272644384139,1.42165990260736e-13,1.42165990260736e-13,5.92564407014041e-11,5.92564407014041e-11
"Lcu.1GRN.Chr1p316671279",1,316671279,1,0.406451612903226,12.8136689260318,12.8136689260318,"GLM","Cotyledon_RedvsYellow",10.1953405630786,10.1953405630786,1.53578730722812e-13,1.53578730722812e-13,6.37763171815311e-11,6.37763171815311e-11
"Lcu.1GRN.Chr4p501060698",4,501060698,38,0.283950617283951,12.681269203918,7.53887784637201,"GLM","DTF_Nepal_2017",9.14122755635241,4.99883619880638,2.08319918068662e-13,2.89149305571541e-08,7.223911946495e-10,1.0026833450225e-05
"Lcu.1GRN.Chr4p47623892",4,47623892,3,0.0935483870967742,12.6319852560313,5.80647880590314,"GLM;FarmCPU;BLINK","Cotyledon_RedvsYellow;DTF_Sask_2017",10.0258168756062,1.45575668312695,2.33353728275954e-13,1.56142523555351e-06,9.42286836962758e-11,0.0350141281471618
"Lcu.1GRN.Chr1p419440105",1,419440105,8,0.229032258064516,12.6158399521506,6.35594229940452,"GLM;FarmCPU","Cotyledon_RedvsYellow",10.011752028312,1.82912891757264,2.42192141796135e-13,4.40613399748154e-07,9.73302797605024e-11,0.0148207807433087
"Lcu.1GRN.Chr2p186120223",2,186120223,13,0.20679012345679,12.5979659119321,7.57062192292823,"GLM","DTF_Nepal_2017",9.06678772469777,5.02290144173468,2.52367884996835e-13,2.6876832025575e-08,8.57456852249803e-10,9.4863372066596e-06
"Lcu.1GRN.Chr4p7091339",4,7091339,7,0.0740740740740741,12.5848057804459,6.60015486106985,"GLM;BLINK","DTF_Nepal_2017;DTF_Sask_2017",9.057992398614,3.92582147287483,2.6013226329004e-13,2.51099090073318e-07,8.74999090060808e-10,0.000118625628694792
"Lcu.1GRN.Chr3p273421348",3,273421348,4,0.0564516129032258,12.5764156908628,5.01236736638193,"BLINK;FarmCPU","Cotyledon_RedvsYellow",7.74857231336699,0.916917748709047,2.65206588583817e-13,9.71924732255998e-06,1.78413489164345e-08,0.121082743116575
"Lcu.1GRN.Chr1p325322362",1,325322362,1,0.320967741935484,12.4710944802572,12.4710944802572,"GLM","Cotyledon_RedvsYellow",9.87675486310246,9.87675486310246,3.37991298595105e-13,3.37991298595105e-13,1.32814391512313e-10,1.32814391512313e-10
"Lcu.1GRN.Chr1p119557781",1,119557781,1,0.42741935483871,12.3920386599836,12.3920386599836,"GLM","Cotyledon_RedvsYellow",9.80772938431978,9.80772938431978,4.05472439535986e-13,4.05472439535986e-13,1.5569354802443e-10,1.5569354802443e-10
"Lcu.1GRN.Chr7p601729598",7,601729598,7,0.0983870967741935,12.3700379697025,7.72645804336228,"GLM","Cotyledon_RedvsYellow;DTF_Nepal_2017",9.78721346294438,5.12547223615515,4.26542225236824e-13,1.87733577663695e-08,1.63224947299471e-10,7.49079244578932e-06
"Lcu.1GRN.Chr3p25227218",3,25227218,14,0.111111111111111,12.2463334585682,6.39950860930205,"GLM","DTF_Nepal_2017;DTF_Sask_2017",8.76873809940647,3.79141236668574,5.67109002419553e-13,3.98557871363121e-07,1.70318530193623e-09,0.000161654438463803
"Lcu.1GRN.Chr2p342148775",2,342148775,5,0.104838709677419,12.2422607376851,11.7699798571386,"GLM","Cotyledon_RedvsYellow",9.66823979889727,9.24011572380211,5.72452244237932e-13,1.69832241993688e-12,2.14664486106556e-10,5.75286623793463e-10
"Lcu.1GRN.Chr6p420942828",6,420942828,28,0.399068322981366,12.160810395788,5.11573880913742,"FarmCPU;GLM;MLM","DTF_Sask_2017_b;DTF_Nepal_2017;DTF_Sask_2017",7.58823952339541,1.27912150733406,6.90541214408089e-13,7.66057186057407e-06,2.58083640740895e-08,0.0525870117352187
"Lcu.1GRN.Chr6p388859533",6,388859533,2,0.245161290322581,12.0752895348745,7.99725901464513,"GLM","Cotyledon_RedvsYellow;DTF_Nepal_2017",9.51742583402401,5.33138225351335,8.4083438837963e-13,1.00633131056677e-08,3.03790484120399e-10,4.66248820855939e-06
"Lcu.1GRN.Chr4p67193036",4,67193036,1,0.104838709677419,12.0394664262647,12.0394664262647,"GLM","Cotyledon_RedvsYellow",9.48716473717014,9.48716473717014,9.13132023498107e-13,9.13132023498107e-13,3.25713127622469e-10,3.25713127622469e-10
"Lcu.1GRN.Chr1p56008960",1,56008960,1,0.396774193548387,11.9424036797604,11.9424036797604,"GLM","Cotyledon_RedvsYellow",9.39831368559706,9.39831368559706,1.14181651493996e-12,1.14181651493996e-12,3.99655978856201e-10,3.99655978856201e-10
"Lcu.1GRN.Chr5p186112272",5,186112272,1,0.082258064516129,11.7753153569071,11.7753153569071,"GLM","Cotyledon_RedvsYellow",9.24369826667241,9.24369826667241,1.67758542038534e-12,1.67758542038534e-12,5.70560541050308e-10,5.70560541050308e-10
"Lcu.1GRN.Chr6p391550865",6,391550865,1,0.17741935483871,11.7654198860847,11.7654198860847,"GLM","Cotyledon_RedvsYellow",9.2376906130032,9.2376906130032,1.71624827570871e-12,1.71624827570871e-12,5.78508023910016e-10,5.78508023910016e-10
"Lcu.1GRN.Chr2p48311792",2,48311792,104,0.147515527950311,11.6752915016812,6.21033534891339,"BLINK;GLM","DTF_Sask_2017_b;DTF_Sask_2017;DTF_Nepal_2017",7.02023715739125,3.67739888202273,2.11207092627631e-12,6.16119069837072e-07,9.54471230737074e-08,0.000210184709091163
"Lcu.1GRN.Chr3p433371307",3,433371307,21,0.355590062111801,11.6439605522312,5.16018491740948,"BLINK;GLM;FarmCPU;MLMM","DTF_Sask_2017_b;DTF_Sask_2017",7.02023715739125,0.589873348940787,2.27007103725888e-12,6.91536460248728e-06,9.54471230737074e-08,0.257114548334055
"Lcu.1GRN.Chr7p186572874",7,186572874,1,0.201863354037267,11.4913819854985,11.4913819854985,"BLINK","DTF_Sask_2017_b",6.91881111310596,6.91881111310596,3.22565573486427e-12,3.22565573486427e-12,1.2055601584101e-07,1.2055601584101e-07
"Lcu.1GRN.Chr7p52436067",7,52436067,21,0.0895061728395061,11.4056288183066,6.55727873069678,"GLM","DTF_Nepal_2017;DTF_Sask_2017",8.02183023672885,3.89910978725974,3.92980663614671e-12,2.77154075568183e-07,9.50976452360259e-09,0.000126150859183549
"Lcu.1GRN.Chr4p460178840",4,460178840,6,0.474193548387097,11.2520331748608,7.52724984748003,"BLINK;GLM","Cotyledon_RedvsYellow;DTF_Nepal_2017",6.5703178330432,4.9912191574513,5.59714844398124e-12,2.96995693854509e-08,2.68956575808091e-07,1.02042441833258e-05
"Lcu.1GRN.Chr2p10401713",2,10401713,25,0.0679012345679012,11.0218408037164,5.00316109089425,"GLM;MLM","DTF_Nepal_2017;DTF_Sask_2017;Cotyledon_RedvsYellow",7.6792706981014,2.29492801690964,9.50953314064626e-12,9.92747744673191e-06,2.09280759092871e-08,0.00507074747524805
"Lcu.1GRN.Chr4p426017843",4,426017843,10,0.132716049382716,11.0180911845652,7.78192087449858,"GLM","DTF_Nepal_2017",7.6792706981014,5.16997931020675,9.59199216693033e-12,1.65226280185498e-08,2.09280759092871e-08,6.76115184758583e-06
"Lcu.1GRN.Chr3p422983248",3,422983248,4,0.128086419753086,11.0173879024019,9.18508007953008,"GLM","DTF_Nepal_2017",7.6792706981014,6.21236891606429,9.60753770632295e-12,6.53010133051557e-10,2.09280759092871e-08,6.13240859882634e-07
"Lcu.1GRN.Chr7p23361774",7,23361774,1,0.0791925465838509,11.0160669097283,11.0160669097283,"BLINK","DTF_Sask_2017_b",6.48925352789645,6.48925352789645,9.63680542413044e-12,9.63680542413044e-12,3.24150333009848e-07,3.24150333009848e-07
"Lcu.1GRN.Chr2p610339065",2,610339065,25,0.226851851851852,11.0129594815788,5.06337071497011,"GLM;MLM","DTF_Nepal_2017;DTF_Sask_2017",7.6792706981014,1.25951866698687,9.7060051724717e-12,8.64229894803985e-06,2.09280759092871e-08,0.0550150273264278
"Lcu.1GRN.Chr6p396777163",6,396777163,13,0.0879629629629629,10.9750593140096,5.02899057626133,"GLM;MLM","DTF_Nepal_2017",7.6469030191321,1.24589879562537,1.05910906689135e-11,9.35425971698257e-06,2.25474265508255e-08,0.0567676876694996
"Lcu.1GRN.Chr7p1501340",7,1501340,8,0.0854037267080745,10.8666588242012,7.4960963660374,"BLINK;GLM","DTF_Sask_2017_b;DTF_Nepal_2017",6.38123812752756,4.96884847243151,1.35938093828183e-11,3.19082976013359e-08,4.15682625515494e-07,1.07436419812498e-05
"Lcu.1GRN.Chr1p493147992",1,493147992,2,0.0540123456790124,10.621304173033,10.621304173033,"GLM","DTF_Nepal_2017",7.34734382218099,7.34734382218099,2.39164010251455e-11,2.39164010251455e-11,4.49423914169001e-08,4.49423914169001e-08
"Lcu.1GRN.Chr7p134640865",7,134640865,1,0.0787037037037037,10.5355589642388,10.5355589642388,"GLM","DTF_Nepal_2017",7.26642415727615,7.26642415727615,2.91367451780881e-11,2.91367451780881e-11,5.41471799188838e-08,5.41471799188838e-08
"Lcu.1GRN.Chr2p40280620",2,40280620,8,0.451863354037267,10.4629538001991,5.00727103379305,"BLINK;GLM","DTF_Sask_2017_b;DTF_Sask_2017",6.01532166441487,0.735730157064487,3.44386564303743e-11,9.83397197296051e-06,9.65335628959643e-07,0.183767980590489
"Lcu.1GRN.Chr6p417801481",6,417801481,6,0.174382716049383,10.3391566540164,6.45856877464333,"GLM","DTF_Sask_2017;DTF_Nepal_2017",6.077892703248,3.82993187630913,4.57976660520866e-11,3.47881412971164e-07,8.35809487734894e-07,0.000147934042018801
"Lcu.1GRN.Chr1p527016266",1,527016266,6,0.453703703703704,10.3317413850964,6.30202920043234,"GLM","DTF_Sask_2017;DTF_Nepal_2017",6.0602005083678,3.7289755103337,4.65863424608539e-11,4.9885094535068e-07,8.70561569696113e-07,0.000186648493809535
"Lcu.1GRN.Chr6p439877755",6,439877755,8,0.12962962962963,10.2906982232137,5.10577423687581,"GLM;MLM","DTF_Nepal_2017",7.08194817634461,1.27793085937995,5.12037509782694e-11,7.8383700576734e-06,8.28040966601324e-08,0.0527313804237886
"Lcu.1GRN.Chr1p559749511",1,559749511,52,0.182098765432099,10.2356954612518,5.83321671254941,"GLM;BLINK","DTF_Nepal_2017;DTF_Sask_2017",7.03726168285865,1.45575668312695,5.81171807672193e-11,1.46819346762529e-06,9.17779424559965e-08,0.0350141281471618
"Lcu.1GRN.Chr2p521819856",2,521819856,2,0.0509259259259259,10.0755127937786,10.0755127937786,"GLM","DTF_Nepal_2017",6.89894743028087,6.89894743028087,8.4040224952387e-11,8.4040224952387e-11,1.26198028332855e-07,1.26198028332855e-07
"Lcu.1GRN.Chr4p497141127",4,497141127,36,0.0817901234567902,10.0731113882824,7.5065131909979,"GLM","DTF_Nepal_2017",6.89848052456188,4.9748961007632,8.4506207499791e-11,3.11520627514571e-08,1.26333775547032e-07,1.05950716799994e-05
"Lcu.1GRN.Chr2p33687376",2,33687376,21,0.0524691358024691,10.0378052283119,6.20955734846014,"GLM","DTF_Nepal_2017;DTF_Sask_2017",6.87271968249759,3.67706111929791,9.16631487363094e-11,6.17223782286037e-07,1.34054166743418e-07,0.000210348239084303
"Lcu.1GRN.Chr2p85174208",2,85174208,52,0.464506172839506,9.93910460307285,5.10664367832014,"GLM;MLMM;MLM","DTF_Sask_2017",5.87291685240969,0.631666548868651,1.15052324344475e-10,7.82269362860192e-06,1.3399331989793e-06,0.233525037843961
"Lcu.1GRN.Chr5p142915008",5,142915008,4,0.282407407407407,9.90831701867142,7.91473854185784,"GLM","DTF_Nepal_2017",6.76889346317827,5.26988013136557,1.23504556741112e-10,1.21691840108415e-08,1.70257611628433e-07,5.37180041755212e-06
"Lcu.1GRN.Chr6p111399799",6,111399799,1,0.240740740740741,9.8670055306988,9.8670055306988,"BLINK","DTF_Nepal_2017",4.92277533928845,4.92277533928845,1.35829614870513e-10,1.35829614870513e-10,1.19460591477774e-05,1.19460591477774e-05
"Lcu.1GRN.Chr5p10369816",5,10369816,8,0.185185185185185,9.86461485159899,7.52117510129935,"GLM","DTF_Nepal_2017",6.73400081686285,4.98691523729961,1.36579383612588e-10,3.01179146828116e-08,1.84501194890021e-07,1.03058724395863e-05
"Lcu.1GRN.Chr3p404682948",3,404682948,20,0.066358024691358,9.84730655174248,6.07278049354333,"GLM;FarmCPU","DTF_Nepal_2017;DTF_Sask_2017_b",6.71843317858264,1.65991046401829,1.4213251742783e-10,8.45706184373291e-07,1.91234753958587e-07,0.0218821270860839
"Lcu.1GRN.Chr1p2944533",1,2944533,3,0.0987654320987654,9.79973856306144,7.96402542342332,"GLM","DTF_Nepal_2017",6.67604570240538,5.30703024957078,1.58584755495418e-10,1.08636202656195e-08,2.10840626291412e-07,4.93139454505481e-06
"Lcu.1GRN.Chr1p562272939",1,562272939,7,0.214506172839506,9.78898286700844,7.54895265542365,"GLM","DTF_Nepal_2017",6.66727621965385,5.00576556071631,1.62561288519177e-10,2.82518794575454e-08,2.15141295941407e-07,9.86812039200017e-06
"Lcu.1GRN.Chr2p248742152",2,248742152,59,0.285493827160494,9.76034111858153,7.50166849814741,"GLM","DTF_Nepal_2017",6.64850108472047,4.97201645425546,1.73643640108085e-10,3.15015194296179e-08,2.24646116508601e-07,1.06655571152365e-05
"Lcu.1GRN.Chr5p145514621",5,145514621,9,0.24537037037037,9.69259923722852,7.96466477121139,"GLM","DTF_Nepal_2017",6.60035475943084,5.30703024957078,2.02955470922975e-10,1.08476391240917e-08,2.50983540029222e-07,4.93139454505481e-06
"Lcu.1GRN.Chr6p40079300",6,40079300,22,0.246913580246914,9.67293043463003,6.3895253970032,"GLM;BLINK","DTF_Sask_2017",5.75890090951789,3.7859560338016,2.12358459092879e-10,4.07825711931599e-07,1.74220433682182e-06,0.000163698223443074
"Lcu.1GRN.Chr3p417642575",3,417642575,4,0.358024691358025,9.64628162073015,8.12226565397711,"GLM","DTF_Nepal_2017",6.55880093272854,5.4266819660123,2.25797110116583e-10,7.54630485866512e-09,2.76184351049399e-07,3.74384649910709e-06
"Lcu.1GRN.Chr4p322405542",4,322405542,3,0.149068322981366,9.63889721055878,8.08783975807715,"FarmCPU","DTF_Sask_2017_b",4.58920508344657,3.86205637190926,2.29669216818756e-10,8.16883721888738e-09,2.57510484845582e-05,0.000137386363440275
"Lcu.1GRN.Chr1p472355685",1,472355685,6,0.152777777777778,9.63389460485474,5.05887750907977,"GLM;BLINK;FarmCPU","DTF_Nepal_2017;DTF_Sask_2017",6.55064558699533,0.646007479554731,2.32330054952339e-10,8.73217620992855e-06,2.81419646391385e-07,0.225939685785003
"Lcu.1GRN.Chr1p549619874",1,549619874,4,0.126543209876543,9.61428867628877,6.1994919069029,"GLM","DTF_Nepal_2017;DTF_Sask_2017",6.53463332579912,3.67093786349473,2.4305878560768e-10,6.31695950860135e-07,2.9198912335178e-07,0.000213335011950774
"Lcu.1GRN.Chr2p2522322",2,2522322,12,0.0632716049382716,9.57104278490625,5.29549339578058,"GLM;FarmCPU;MLM","DTF_Nepal_2017;DTF_Sask_2017;Cotyledon_RedvsYellow",6.50211129980837,1.92751970558184,2.68507990959834e-10,5.06415050406129e-06,3.14694172108663e-07,0.0118162669645983
"Lcu.1GRN.Chr2p629671940",2,629671940,7,0.0509259259259259,9.568986879352,6.3970666103274,"GLM","DTF_Nepal_2017;DTF_Sask_2017",6.50156598527935,3.79086573230129,2.69782093618412e-10,4.00805239029688e-07,3.15089560708834e-07,0.000161858036513793
"Lcu.1GRN.Chr1p536205864",1,536205864,31,0.295031055900621,9.54559338442577,6.22388485441253,"BLINK;GLM","DTF_Sask_2017_b;DTF_Sask_2017",5.16490803827214,3.68367159135093,2.84712552951178e-10,5.97193601036079e-07,6.84056480703779e-06,0.000207170735864211
"Lcu.1GRN.Chr4p262477894",4,262477894,7,0.33179012345679,9.51441423038323,8.69571638825814,"GLM","DTF_Nepal_2017",6.46181711262761,5.85122006605826,3.05904432315356e-10,2.01503972216823e-09,3.45289114713488e-07,1.40857486333711e-06
"Lcu.1GRN.Chr5p457640023",5,457640023,46,0.353395061728395,9.48711583947825,6.21127651662695,"GLM","DTF_Nepal_2017;DTF_Sask_2017",6.44030940060353,3.67789936529268,3.25749802085201e-10,6.1478531237768e-07,3.6281948237746e-07,0.000209942630627963
"Lcu.1GRN.Chr1p577052064",1,577052064,7,0.0555555555555556,9.42074656902587,6.79753735745528,"GLM","DTF_Nepal_2017;DTF_Sask_2017",6.38838174401882,4.05676518586596,3.79536397457174e-10,1.59390576908175e-07,4.08901078451774e-07,8.77475125742589e-05
"Lcu.1GRN.Chr1p488887977",1,488887977,8,0.0725308641975309,9.41867578394711,6.73696265316865,"GLM","DTF_Nepal_2017;DTF_Sask_2017",6.38838174401882,4.01496995005794,3.81350408600602e-10,1.832471997664e-07,4.08901078451774e-07,9.66117724824836e-05
"Lcu.1GRN.Chr5p149726482",5,149726482,5,0.277777777777778,9.35147309833594,7.75120699591933,"GLM","DTF_Nepal_2017",6.33654307748294,5.14659989152647,4.45171037460644e-10,1.77334405804583e-08,4.6074106571546e-07,7.13510072694619e-06
"Lcu.1GRN.Chr5p135785193",5,135785193,6,0.337962962962963,9.1816750959905,7.6252927505244,"GLM","DTF_Nepal_2017",6.21236891606429,5.05127181173661,6.58150027849435e-10,2.36977574161627e-08,6.13240859882634e-07,8.88644767982432e-06
"Lcu.1GRN.Chr2p14060760",2,14060760,29,0.058641975308642,9.10488619588966,6.36947562223033,"GLM","DTF_Nepal_2017;DTF_Sask_2017",6.14978164586647,3.77564306232165,7.8544142758249e-10,4.27094892411031e-07,7.08301814133082e-07,0.00016763200428894
"Lcu.1GRN.Chr6p46982948",6,46982948,1,0.343167701863354,9.10232979761805,9.10232979761805,"BLINK","DTF_Sask_2017_b",4.7796363984421,4.7796363984421,7.9007842478819e-10,7.9007842478819e-10,1.66097693444206e-05,1.66097693444206e-05
"Lcu.1GRN.Chr2p320068851",2,320068851,14,0.0540123456790124,9.06167772716291,6.51948028310343,"GLM","DTF_Nepal_2017;DTF_Sask_2017",6.12592895235753,3.86946187747226,8.67605452791474e-10,3.02356783686756e-07,7.48291905997717e-07,0.000135063538191717
"Lcu.1GRN.Chr2p322705411",2,322705411,4,0.0540123456790124,9.06167772716291,8.47585315499274,"GLM","DTF_Nepal_2017",6.12592895235753,5.70490098971484,8.67605452791474e-10,3.34308058203256e-09,7.48291905997717e-07,1.97287245953633e-06
"Lcu.1GRN.Chr1p449461868",1,449461868,1,0.371913580246914,9.05024773123985,9.05024773123985,"GLM","DTF_Nepal_2017",6.11893057123355,6.11893057123355,8.90742693730178e-10,8.90742693730178e-10,7.60447836705428e-07,7.60447836705428e-07
"Lcu.1GRN.Chr7p33922006",7,33922006,2,0.433641975308642,9.0435795070381,5.28991475569576,"FarmCPU","DTF_Nepal_2017",4.11882611653419,0.993550295242161,9.0452482966251e-10,5.12962059465117e-06,7.60630758447724e-05,0.101496181797708
"Lcu.1GRN.Chr5p131521835",5,131521835,11,0.492283950617284,9.03020797027365,7.50462288506532,"GLM","DTF_Nepal_2017",6.10327766051546,4.97372601236404,9.32807500996021e-10,3.12879504335839e-08,7.883559313757e-07,1.06236557085541e-05
"Lcu.1GRN.Chr7p633922459",7,633922459,8,0.342592592592593,8.91275845786825,5.37397255645788,"GLM;BLINK;MLMM","DTF_Nepal_2017;Cotyledon_RedvsYellow",6.0214029245097,1.22737041633762,1.22247937908731e-09,4.22695324000359e-06,9.51912600195557e-07,0.059241982520012
"Lcu.1GRN.Chr2p183250275",2,183250275,7,0.214506172839506,8.8780342833218,7.62401961278095,"GLM","DTF_Nepal_2017",5.99565949095776,5.0509659226823,1.32423699544823e-09,2.37673295071055e-08,1.01004450214951e-06,8.89270892582485e-06
"Lcu.1GRN.Chr1p572633339",1,572633339,8,0.498456790123457,8.8652541514918,6.35954484312481,"GLM","DTF_Nepal_2017;DTF_Sask_2017",5.984844495883,3.77024935331028,1.36378480873468e-09,4.36973556988111e-07,1.0355128775613e-06,0.00016972688734806
"Lcu.1GRN.Chr3p414937923",3,414937923,10,0.149691358024691,8.78615757494721,7.7547973898025,"GLM","DTF_Nepal_2017",5.91812408265477,5.14915005860837,1.63622274346699e-09,1.75874392450979e-08,1.2074687988564e-06,7.0933263507864e-06
"Lcu.1GRN.Chr6p172232372",6,172232372,2,0.28416149068323,8.71129955431121,8.57025047866626,"FarmCPU","DTF_Sask_2017_b",4.21952835589007,3.96263742286298,1.94401873353472e-09,2.6899829129877e-09,6.03214321661956e-05,0.000108983958223812
"Lcu.1GRN.Chr7p172623573",7,172623573,1,0.0632716049382716,8.69143210082799,8.69143210082799,"GLM","DTF_Nepal_2017",5.84856584974763,5.84856584974763,2.03501633280337e-09,2.03501633280337e-09,1.4172098112134e-06,1.4172098112134e-06
"Lcu.1GRN.Chr4p166674674",4,166674674,3,0.0509259259259259,8.63273202742051,7.95020177621879,"GLM","DTF_Nepal_2017",5.81006916242843,5.29902833139108,2.32952820231131e-09,1.12149727785149e-08,1.54856998582381e-06,5.02309820052028e-06
"Lcu.1GRN.Chr4p171013187",4,171013187,2,0.0509259259259259,8.63273202742051,8.63273202742051,"GLM","DTF_Nepal_2017",5.81006916242843,5.81006916242843,2.32952820231131e-09,2.32952820231131e-09,1.54856998582381e-06,1.54856998582381e-06
"Lcu.1GRN.Chr4p176594575",4,176594575,5,0.0509259259259259,8.63273202742051,7.61764042885218,"GLM","DTF_Nepal_2017",5.81006916242843,5.04804633586049,2.32952820231131e-09,2.41190151962507e-08,1.54856998582381e-06,8.95269242153667e-06
"Lcu.1GRN.Chr4p39749401",4,39749401,7,0.219135802469136,8.5700858093673,7.5819941453891,"GLM","DTF_Nepal_2017",5.77566618735839,5.02520118799836,2.69100305394414e-09,2.6182183035007e-08,1.6762307856408e-06,9.43623639021574e-06
"Lcu.1GRN.Chr4p35643871",4,35643871,1,0.0756172839506173,8.56749831121261,8.56749831121261,"GLM","DTF_Nepal_2017",5.7738821944873,5.7738821944873,2.70708373060353e-09,2.70708373060353e-09,1.68313056046565e-06,1.68313056046565e-06
"Lcu.1GRN.Chr2p244645353",2,244645353,2,0.396604938271605,8.55107869263646,8.17053084944639,"GLM","DTF_Nepal_2017",5.76066181308123,5.46588554698254,2.81139136999125e-09,6.75257086433816e-09,1.73515464394467e-06,3.42069578904342e-06
"Lcu.1GRN.Chr7p440952524",7,440952524,1,0.0771604938271605,8.52907410932727,8.52907410932727,"GLM","DTF_Nepal_2017",5.74104128597976,5.74104128597976,2.9575077453997e-09,2.9575077453997e-09,1.81534307992128e-06,1.81534307992128e-06
"Lcu.1GRN.Chr2p638802920",2,638802920,2,0.325617283950617,8.49660360635153,7.75234859698722,"GLM","DTF_Nepal_2017",5.71637288279577,5.14722169063895,3.18710516141067e-09,1.76868870755454e-08,1.92144128181824e-06,7.12489238914966e-06
"Lcu.1GRN.Chr7p643152584",7,643152584,1,0.166666666666667,8.49547687671673,8.49547687671673,"GLM","DTF_Nepal_2017",5.71607530277128,5.71607530277128,3.19538449318165e-09,3.19538449318165e-09,1.9227583109446e-06,1.9227583109446e-06
"Lcu.1GRN.Chr3p399676864",3,399676864,3,0.339506172839506,8.48464119623789,5.86088112558693,"BLINK;GLM","DTF_Nepal_2017;DTF_Sask_2017_b",4.97557648716583,1.63509773941904,3.27611247715025e-09,1.37758648813333e-06,1.05784859319089e-05,0.0231687317126973
"Lcu.1GRN.Chr4p412171300",4,412171300,15,0.0833333333333334,8.45920354510912,6.32347375263364,"GLM","DTF_Sask_2017",4.99684815250416,3.74163627921381,3.47373316382082e-09,4.74816986491098e-07,1.00728379578872e-05,0.000181285772185075
"Lcu.1GRN.Chr5p505203141",5,505203141,4,0.0509259259259259,8.42535416071036,7.97483431626716,"GLM","DTF_Nepal_2017",5.66046861729901,5.31430827351948,3.75531039393084e-09,1.05965790851302e-08,2.18540223404037e-06,4.84944151990203e-06
"Lcu.1GRN.Chr4p451382688",4,451382688,6,0.404320987654321,8.39868638236563,7.59829851997767,"GLM","DTF_Nepal_2017",5.63791807597721,5.03432781934704,3.9931315479507e-09,2.5217468094341e-08,2.30187599551575e-06,9.24000445587059e-06
"Lcu.1GRN.Chr1p539580141",1,539580141,23,0.307098765432099,8.39108243690477,6.27152021597864,"GLM","DTF_Sask_2017",4.95417416651229,3.70865265086932,4.06366186232014e-09,5.35155242244198e-07,1.11128597531954e-05,0.00019559031635345
"Lcu.1GRN.Chr5p448143626",5,448143626,2,0.0570987654320988,8.37888614896207,8.26825386106205,"GLM","DTF_Nepal_2017",5.62292477877234,5.54146983847431,4.17939915947339e-09,5.39195350910647e-09,2.38273213063489e-06,2.87428720443362e-06
"Lcu.1GRN.Chr4p474466711",4,474466711,8,0.410493827160494,8.36039888765855,6.26416962824336,"GLM","DTF_Nepal_2017;DTF_Sask_2017",5.61058317599636,3.70490422263034,4.36115088396128e-09,5.44290020637858e-07,2.45141491433095e-06,0.000197285777340404
"Lcu.1GRN.Chr2p37309574",2,37309574,8,0.223765432098765,8.33256885592399,6.51960469454509,"GLM","DTF_Sask_2017;DTF_Nepal_2017",4.98007896284655,3.86946187747226,4.64976649844097e-09,3.02270180569624e-07,1.0469381778344e-05,0.000135063538191717
"Lcu.1GRN.Chr3p375936387",3,375936387,15,0.183641975308642,8.30158458791792,7.49839486283962,"GLM","DTF_Nepal_2017",5.56647142911517,4.97027663931941,4.99361909577823e-09,3.17398695263485e-08,2.71349215849861e-06,1.07083698023764e-05
"Lcu.1GRN.Chr2p593957865",2,593957865,3,0.217592592592593,8.29177231286673,6.22864114428331,"GLM","DTF_Nepal_2017;DTF_Sask_2017",5.56083894837893,3.68367159135093,5.10772712091147e-09,5.90688962399345e-07,2.74891335756741e-06,0.000207170735864211
"Lcu.1GRN.Chr6p14300967",6,14300967,1,0.0617283950617284,8.257752409042,8.257752409042,"GLM","DTF_Nepal_2017",5.53528408517194,5.53528408517194,5.52392267947575e-09,5.52392267947575e-09,2.91551926067326e-06,2.91551926067326e-06
"Lcu.1GRN.Chr4p470919734",4,470919734,9,0.0524691358024691,8.24652404874217,7.4971513579061,"GLM","DTF_Nepal_2017",5.5262262000389,4.9694685173616,5.66860181182406e-09,3.18308797620928e-08,2.97696548845804e-06,1.07283141612584e-05
"Lcu.1GRN.Chr7p419054790",7,419054790,1,0.0941358024691358,8.24618155235196,8.24618155235196,"GLM","DTF_Nepal_2017",5.5262262000389,5.5262262000389,5.67307398794057e-09,5.67307398794057e-09,2.97696548845804e-06,2.97696548845804e-06
"Lcu.1GRN.Chr1p542732389",1,542732389,27,0.117283950617284,8.21338579110612,6.27763260673811,"GLM","DTF_Sask_2017",4.84794041150922,3.71271469857409,6.11806672087135e-09,5.27676062470041e-07,1.4192522404823e-05,0.00019376944771273
"Lcu.1GRN.Chr1p585143942",1,585143942,3,0.0679012345679012,8.17973263010921,7.64409719818914,"GLM","DTF_Nepal_2017",5.47312070776297,5.06373608137034,6.61100323825723e-09,2.26935689685491e-08,3.36418052381675e-06,8.63503134982346e-06
"Lcu.1GRN.Chr5p156348343",5,156348343,2,0.319444444444444,8.11811135130601,7.68937897765889,"GLM","DTF_Nepal_2017",5.42316774375464,5.09655875965826,7.61883641171258e-09,2.04465963014093e-08,3.77426383990946e-06,8.00647294309212e-06
"Lcu.1GRN.Chr3p440691864",3,440691864,2,0.0679012345679012,8.07883202452386,7.86568453859752,"GLM","DTF_Nepal_2017",5.39525142078999,5.23096575945613,8.34003696383107e-09,1.36243396344446e-08,4.02483961752219e-06,5.87535673053749e-06
"Lcu.1GRN.Chr2p195892341",2,195892341,1,0.243827160493827,8.07177678047597,8.07177678047597,"GLM","DTF_Nepal_2017",5.38944057438977,5.38944057438977,8.47662985666104e-09,8.47662985666104e-09,4.07905372674607e-06,4.07905372674607e-06
"Lcu.1GRN.Chr3p297576112",3,297576112,4,0.066358024691358,8.06198546970966,7.58913169562995,"GLM","DTF_Nepal_2017",5.38212741289761,5.02799028501818,8.66990882386266e-09,2.5755400307995e-08,4.14832321672292e-06,9.37582980021575e-06
"Lcu.1GRN.Chr7p11012268",7,11012268,3,0.154320987654321,8.05146819671242,6.42219384584034,"GLM","DTF_Nepal_2017;DTF_Sask_2017",5.37345951593235,3.80325182396864,8.88243019774935e-09,3.78273705869996e-07,4.23194957270022e-06,0.000157307046116754
"Lcu.1GRN.Chr2p67624796",2,67624796,7,0.145061728395062,8.04921803171306,6.57046350796923,"GLM","DTF_Nepal_2017;DTF_Sask_2017",5.37243790757096,3.90585225946883,8.92857124266069e-09,2.68866375125003e-07,4.24191627567804e-06,0.000124207477111618
"Lcu.1GRN.Chr5p485827550",5,485827550,2,0.128086419753086,8.03497125255686,6.39118279798617,"GLM","DTF_Nepal_2017;DTF_Sask_2017",5.36063786436184,3.78657569359331,9.22632497346881e-09,4.06272289948162e-07,4.35875175891964e-06,0.000163464822192576
"Lcu.1GRN.Chr4p14484871",4,14484871,4,0.0725308641975309,7.9758981095301,5.04184559256935,"FarmCPU;BLINK;MLM","DTF_Sask_2017;DTF_Sask_2017_b",3.13082771836762,0.47469617323019,1.05706547981777e-08,9.0814335066719e-06,0.000739898729583123,0.335199858610342
"Lcu.1GRN.Chr6p349268368",6,349268368,2,0.49537037037037,7.96411074056715,5.64607627781335,"BLINK;MLM","DTF_Sask_2017;Cotyledon_RedvsYellow",3.34038734572722,2.88194145970891,1.08614863172109e-08,2.25903896645525e-06,0.000456680696007661,0.00131237678761598
"Lcu.1GRN.Chr6p241296598",6,241296598,1,0.152777777777778,7.95904944910792,7.95904944910792,"GLM","DTF_Nepal_2017",5.30421041997755,5.30421041997755,1.09888071289543e-08,1.09888071289543e-08,4.96351775830628e-06,4.96351775830628e-06
"Lcu.1GRN.Chr1p441538816",1,441538816,1,0.101851851851852,7.95249442728441,7.95249442728441,"GLM","DTF_Nepal_2017",5.300162863152,5.300162863152,1.11559246615313e-08,1.11559246615313e-08,5.00999320510722e-06,5.00999320510722e-06
"Lcu.1GRN.Chr7p84958445",7,84958445,1,0.0570987654320988,7.94689458312843,7.94689458312843,"GLM","DTF_Nepal_2017",5.29703117946783,5.29703117946783,1.13007018480878e-08,1.13007018480878e-08,5.04625067524871e-06,5.04625067524871e-06
"Lcu.1GRN.Chr3p358806549",3,358806549,1,0.0787037037037037,7.93460521762423,7.93460521762423,"GLM","DTF_Nepal_2017",5.28803361168784,5.28803361168784,1.1625048738829e-08,1.1625048738829e-08,5.1518877063685e-06,5.1518877063685e-06
"Lcu.1GRN.Chr2p82245202",2,82245202,12,0.228395061728395,7.91839783313477,6.22618277350367,"GLM","DTF_Sask_2017",4.66150289063858,3.68367159135093,1.20670793031664e-08,5.94042102464417e-07,2.18020388582855e-05,0.000207170735864211
"Lcu.1GRN.Chr6p53994143",6,53994143,1,0.123456790123457,7.9102856620528,7.9102856620528,"GLM","DTF_Nepal_2017",5.26713371537454,5.26713371537454,1.22945981384796e-08,1.22945981384796e-08,5.40587855169407e-06,5.40587855169407e-06
"Lcu.1GRN.Chr5p19385177",5,19385177,1,0.376543209876543,7.86092271425633,7.86092271425633,"GLM","DTF_Nepal_2017",5.23020374218695,5.23020374218695,1.37745457476965e-08,1.37745457476965e-08,5.88567473727719e-06,5.88567473727719e-06
"Lcu.1GRN.Chr2p63174566",2,63174566,48,0.271604938271605,7.85405015412896,6.20780388287266,"GLM","DTF_Sask_2017",4.6172713836596,3.67648343845069,1.39942570175325e-08,6.19720863199401e-07,2.41395192318787e-05,0.000210628221921905
"Lcu.1GRN.Chr7p66396456",7,66396456,2,0.0601851851851852,7.81154525831141,7.5659926197207,"GLM","DTF_Nepal_2017",5.19428790572071,5.01918260947257,1.54331558430903e-08,2.71648543164265e-08,6.39310878260191e-06,9.5679168082235e-06
"Lcu.1GRN.Chr7p639543409",7,639543409,2,0.353395061728395,7.76612588795323,6.88475870892921,"GLM","DTF_Nepal_2017;DTF_Sask_2017",5.15839059849743,4.11229366280836,1.71346055860304e-08,1.30389101025292e-07,6.94399503271842e-06,7.72158287756592e-05
"Lcu.1GRN.Chr4p185093730",4,185093730,1,0.391975308641975,7.76361254369651,7.76361254369651,"GLM","DTF_Nepal_2017",5.15692248815536,5.15692248815536,1.7234054273944e-08,1.7234054273944e-08,6.96750857447564e-06,6.96750857447564e-06
"Lcu.1GRN.Chr7p456680961",7,456680961,1,0.058641975308642,7.74648944770551,7.74648944770551,"GLM","DTF_Nepal_2017",5.14240152386689,5.14240152386689,1.79271211035923e-08,1.79271211035923e-08,7.20441092503231e-06,7.20441092503231e-06
"Lcu.1GRN.Chr4p369247463",4,369247463,1,0.0910493827160493,7.72988943093278,7.72988943093278,"GLM","DTF_Nepal_2017",5.12787204489882,5.12787204489882,1.86256127450653e-08,1.86256127450653e-08,7.44951424758547e-06,7.44951424758547e-06
"Lcu.1GRN.Chr7p69342883",7,69342883,1,0.0601851851851852,7.70609118169928,7.70609118169928,"GLM","DTF_Nepal_2017",5.10940845049506,5.10940845049506,1.9674731682233e-08,1.9674731682233e-08,7.77305157860025e-06,7.77305157860025e-06
"Lcu.1GRN.Chr3p322673053",3,322673053,2,0.28858024691358,7.70578223756023,7.09634998626287,"GLM;BLINK","DTF_Nepal_2017;Cotyledon_RedvsYellow",5.10940845049506,2.79998552580927,1.96887326787926e-08,8.0103227280773e-08,7.77305157860025e-06,0.0015849460147501
"Lcu.1GRN.Chr7p630528781",7,630528781,3,0.0540123456790124,7.69992195303112,7.54343828850841,"GLM","DTF_Nepal_2017",5.10456644188825,5.00250026398493,1.99562091535576e-08,2.86128890933821e-08,7.86019930252307e-06,9.94259469594387e-06
"Lcu.1GRN.Chr1p593637108",1,593637108,2,0.0555555555555556,7.69774829150875,7.69774829150875,"GLM","DTF_Nepal_2017",5.10391573160008,5.10391573160008,2.00563411643261e-08,2.00563411643261e-08,7.87198519068946e-06,7.87198519068946e-06
"Lcu.1GRN.Chr3p430356238",3,430356238,7,0.106481481481482,7.65525819101342,6.27073511164756,"GLM","DTF_Nepal_2017;DTF_Sask_2017",5.07144440254758,3.70865265086932,2.21177940081775e-08,5.3612355456356e-07,8.48311974589354e-06,0.00019559031635345
"Lcu.1GRN.Chr7p176404911",7,176404911,1,0.0787037037037037,7.65078383091738,7.65078383091738,"GLM","DTF_Nepal_2017",5.06768165412821,5.06768165412821,2.23468425501608e-08,2.23468425501608e-08,8.55693722345406e-06,8.55693722345406e-06
"Lcu.1GRN.Chr5p467139367",5,467139367,2,0.305555555555556,7.64849487247655,7.60316571803725,"GLM","DTF_Nepal_2017;DTF_Sask_2017",5.06665739905672,4.52325274014167,2.24649329919113e-08,2.49364302136827e-08,8.57714201553942e-06,2.99741764708493e-05
"Lcu.1GRN.Chr7p604607934",7,604607934,1,0.0740740740740741,7.62541031237707,7.62541031237707,"GLM","DTF_Nepal_2017",5.05127181173661,5.05127181173661,2.369134339217e-08,2.369134339217e-08,8.88644767982432e-06,8.88644767982432e-06
"Lcu.1GRN.Chr4p351316709",4,351316709,4,0.0509259259259259,7.62061727020352,7.62061727020352,"GLM","DTF_Nepal_2017",5.04960654582104,5.04960654582104,2.39542583845079e-08,2.39542583845079e-08,8.92058743238072e-06,8.92058743238072e-06
"Lcu.1GRN.Chr5p362340912",5,362340912,1,0.308641975308642,7.60658988925889,7.60658988925889,"GLM","DTF_Nepal_2017",5.04198834192579,5.04198834192579,2.47405933330593e-08,2.47405933330593e-08,9.07844899774393e-06,9.07844899774393e-06
"Lcu.1GRN.Chr2p79721021",2,79721021,4,0.231481481481482,7.50485495030344,6.19775296032871,"GLM","DTF_Sask_2017",4.4708019574984,3.67009943952423,3.12712361846141e-08,6.34230377848122e-07,3.38219032209328e-05,0.000213747262070939
"Lcu.1GRN.Chr4p304459507",4,304459507,3,0.307098765432099,7.50446573971065,7.27687594817614,"GLM","DTF_Nepal_2017;DTF_Sask_2017",4.97372601236404,4.35254419218362,3.12992737313026e-08,5.28596218373695e-08,1.06236557085541e-05,4.44074471707626e-05
"Lcu.1GRN.Chr7p4845669",7,4845669,5,0.118827160493827,7.37080099305885,5.1320399821408,"FarmCPU;GLM","DTF_Sask_2017",4.27541577485987,0.684407846356554,4.25793479961047e-08,7.37836300109166e-06,5.30376441503873e-05,0.206819818965683
"Lcu.1GRN.Chr6p424247915",6,424247915,5,0.216049382716049,7.30789600688245,6.50440517275392,"GLM","DTF_Sask_2017",4.36186634618247,3.86068514949774,4.92157370132837e-08,3.13036390502984e-07,4.34643964961892e-05,0.000137820826654865
"Lcu.1GRN.Chr4p20270748",4,20270748,1,0.491935483870968,7.28743426187704,7.28743426187704,"MLM","Cotyledon_RedvsYellow",4.40604314939426,4.40604314939426,5.15900249756391e-08,5.15900249756391e-08,3.9260592604029e-05,3.9260592604029e-05
"Lcu.1GRN.Chr4p317703417",4,317703417,1,0.192901234567901,7.2376217873355,7.2376217873355,"GLM","DTF_Sask_2017",4.34326569768835,4.34326569768835,5.78599711365908e-08,5.78599711365908e-08,4.53663983946425e-05,4.53663983946425e-05
"Lcu.1GRN.Chr3p268826823",3,268826823,2,0.305555555555556,7.19421929768577,6.63450045484754,"GLM","DTF_Sask_2017",4.32061842962924,3.95081718160661,6.39411881910109e-08,2.3200617557093e-07,4.77949014405461e-05,0.000111990921553549
"Lcu.1GRN.Chr7p8380767",7,8380767,4,0.0548387096774193,7.15098131876446,6.27994166799527,"BLINK;FarmCPU;GLM","Cotyledon_RedvsYellow;DTF_Sask_2017_b;DTF_Sask_2017",3.85150775144218,2.17426378002005,7.06347937261003e-08,5.24877954185366e-07,0.000140764210404175,0.00669477861157915
"Lcu.1GRN.Chr6p167176504",6,167176504,12,0.186728395061728,7.1393258529469,6.39057046710485,"GLM","DTF_Sask_2017",4.27903045166991,3.78648254326623,7.25561361462484e-08,4.06845515121933e-07,5.25980384635886e-05,0.000163499886959402
"Lcu.1GRN.Chr6p158725441",6,158725441,3,0.259259259259259,7.00971795269444,5.32914014240426,"GLM;MLMM","DTF_Sask_2017;DTF_Nepal_2017",4.19555427248978,0.501296764908402,9.77872081994313e-08,4.68662125249457e-06,6.37449415899576e-05,0.315284946167568
"Lcu.1GRN.Chr2p89837311",2,89837311,1,0.191358024691358,6.91770121079502,6.91770121079502,"GLM","DTF_Sask_2017",4.13441916371146,4.13441916371146,1.20864508192236e-07,1.20864508192236e-07,7.33805286671038e-05,7.33805286671038e-05
"Lcu.1GRN.Chr4p59789734",4,59789734,1,0.16820987654321,6.91219619471391,6.91219619471391,"GLM","DTF_Sask_2017",4.13233123219782,4.13233123219782,1.22406309768771e-07,1.22406309768771e-07,7.37341652278549e-05,7.37341652278549e-05
"Lcu.1GRN.Chr2p613264210",2,613264210,6,0.212962962962963,6.82041865188677,6.30524564759032,"GLM","DTF_Sask_2017",4.07178713596043,3.73122470880253,1.51210290627231e-07,4.95170031288463e-07,8.47642773905206e-05,0.00018568434550101
"Lcu.1GRN.Chr7p371434502",7,371434502,2,0.472222222222222,6.80548217463178,6.21380319996801,"GLM","DTF_Sask_2017",4.0611414169662,3.67910130592308,1.56501255295033e-07,6.11218935299297e-07,8.68677520459147e-05,0.000209362402861323
"Lcu.1GRN.Chr6p163740839",6,163740839,1,0.199074074074074,6.77601266242179,6.77601266242179,"GLM","DTF_Sask_2017",4.04361001925532,4.04361001925532,1.67489404159527e-07,1.67489404159527e-07,9.04461282715118e-05,9.04461282715118e-05
"Lcu.1GRN.Chr3p427301686",3,427301686,6,0.234567901234568,6.73031622334184,6.27170251410995,"GLM","DTF_Sask_2017",4.01106228950941,3.70865265086932,1.8607317865053e-07,5.34930654246268e-07,9.74849808008116e-05,0.00019559031635345
"Lcu.1GRN.Chr3p410053209",3,410053209,2,0.152777777777778,6.70375593391543,6.19649669472431,"GLM","DTF_Sask_2017",3.99187674022349,3.67009943952423,1.97808097554537e-07,6.36067645725216e-07,0.000101888052174223,0.000213747262070939
"Lcu.1GRN.Chr6p292192925",6,292192925,6,0.0617283950617284,6.68373236041629,6.47802398979418,"GLM","DTF_Sask_2017",3.97810115197801,3.84386164183961,2.07141749331454e-07,3.32641178172655e-07,0.000105171688882359,0.000143264424044048
"Lcu.1GRN.Chr4p10982480",4,10982480,1,0.277777777777778,6.6615807096468,6.6615807096468,"GLM","DTF_Sask_2017",3.9659033940003,3.9659033940003,2.17981326123689e-07,2.17981326123689e-07,0.0001081674536046,0.0001081674536046
"Lcu.1GRN.Chr4p462728109",4,462728109,4,0.236024844720497,6.6596844766937,5.12054794955794,"FarmCPU;MLMM","DTF_Sask_2017_b;Cotyledon_RedvsYellow",2.17426378002005,1.07085582244572,2.18935165243233e-07,7.57621080867215e-06,0.00669477861157915,0.0849462433693542
"Lcu.1GRN.Chr6p211596643",6,211596643,2,0.095679012345679,6.64742510040945,6.43686421053783,"GLM","DTF_Sask_2017",3.95375883049036,3.81368334479019,2.25203377503682e-07,3.65709118835795e-07,0.000111234925816125,0.000153573631929388
"Lcu.1GRN.Chr1p530030808",1,530030808,2,0.371913580246914,6.58690205623965,5.9725187509301,"GLM;FarmCPU","DTF_Sask_2017;DTF_Sask_2017_b",3.91621311865007,1.59183340477646,2.58879668469954e-07,1.06532286670772e-06,0.000121279355771912,0.025595675478991
"Lcu.1GRN.Chr3p191864461",3,191864461,2,0.37037037037037,6.50975766905214,6.37075669311754,"GLM","DTF_Sask_2017",3.86489925855987,3.77625662135079,3.09202026030369e-07,4.25836914978133e-07,0.000136489970983933,0.000167395345719717
"Lcu.1GRN.Chr6p283743620",6,283743620,1,0.0570987654320988,6.50032573547989,6.50032573547989,"GLM","DTF_Sask_2017",3.85717378880163,3.85717378880163,3.15990673472829e-07,3.15990673472829e-07,0.000138939653417039,0.000138939653417039
"Lcu.1GRN.Chr3p135248396",3,135248396,2,0.486111111111111,6.4649115653042,6.25690155211919,"GLM","DTF_Sask_2017",3.83517518668174,3.69810388428095,3.42837590913433e-07,5.53475559394794e-07,0.000146158747709479,0.000200399261019321
"Lcu.1GRN.Chr7p594965596",7,594965596,1,0.174382716049383,6.46122178834973,6.46122178834973,"BLINK","DTF_Sask_2017",1.93440840651786,1.93440840651786,3.45762756342427e-07,3.45762756342427e-07,0.0116303181062633,0.0116303181062633
"Lcu.1GRN.Chr5p367898555",5,367898555,1,0.328703703703704,6.41147182644266,6.41147182644266,"FarmCPU","DTF_Nepal_2017",1.84759511204983,1.84759511204983,3.87728900448877e-07,3.87728900448877e-07,0.0142038111023553,0.0142038111023553
"Lcu.1GRN.Chr6p234810951",6,234810951,2,0.421296296296296,6.40619520395612,6.40619520395612,"GLM","DTF_Sask_2017",3.79530903382136,3.79530903382136,3.92468491476486e-07,3.92468491476486e-07,0.000160210496447174,0.000160210496447174
"Lcu.1GRN.Chr7p190238103",7,190238103,1,0.138888888888889,6.40210502755837,6.40210502755837,"GLM","DTF_Sask_2017",3.79227169304688,3.79227169304688,3.96182211987562e-07,3.96182211987562e-07,0.000161334893583075,0.000161334893583075
"Lcu.1GRN.Chr4p479067741",4,479067741,2,0.111111111111111,6.39781962515441,6.39651306349542,"GLM","DTF_Sask_2017",3.79086573230129,3.79086573230129,4.00110892685893e-07,4.01316426559394e-07,0.000161858036513793,0.000161858036513793
"Lcu.1GRN.Chr6p37241363",6,37241363,1,0.148148148148148,6.38501472423228,6.38501472423228,"GLM","DTF_Sask_2017",3.78196330322911,3.78196330322911,4.1208354766323e-07,4.1208354766323e-07,0.000165210139066553,0.000165210139066553
"Lcu.1GRN.Chr6p415124822",6,415124822,1,0.276234567901235,6.37962180732735,6.37962180732735,"GLM","DTF_Sask_2017",3.77968801129956,3.77968801129956,4.17232560112587e-07,4.17232560112587e-07,0.000166077955069563,0.000166077955069563
"Lcu.1GRN.Chr4p504229858",4,504229858,1,0.140432098765432,6.37952631242697,6.37952631242697,"GLM","DTF_Sask_2017",3.77968801129956,3.77968801129956,4.17324313437233e-07,4.17324313437233e-07,0.000166077955069563,0.000166077955069563
"Lcu.1GRN.Chr7p451484652",7,451484652,1,0.135802469135803,6.37913103009241,6.37913103009241,"GLM","DTF_Sask_2017",3.77968801129956,3.77968801129956,4.17704322923622e-07,4.17704322923622e-07,0.000166077955069563,0.000166077955069563
"Lcu.1GRN.Chr7p400134527",7,400134527,1,0.305555555555556,6.37699434413431,6.37699434413431,"GLM","DTF_Sask_2017",3.77806437263315,3.77806437263315,4.19764450594871e-07,4.19764450594871e-07,0.000166700010570537,0.000166700010570537
"Lcu.1GRN.Chr6p362639725",6,362639725,1,0.260802469135803,6.36775436888935,6.36775436888935,"BLINK","DTF_Sask_2017",1.8823336722157,1.8823336722157,4.28790970226359e-07,4.28790970226359e-07,0.0131119211165572,0.0131119211165572
"Lcu.1GRN.Chr3p22026600",3,22026600,1,0.149691358024691,6.35629447263363,6.35629447263363,"GLM","DTF_Sask_2017",3.76750018827797,3.76750018827797,4.40256247281394e-07,4.40256247281394e-07,0.000170804697957671,0.000170804697957671
"Lcu.1GRN.Chr7p15494849",7,15494849,2,0.239197530864197,6.26653198995795,5.44358680839521,"GLM;FarmCPU","DTF_Sask_2017;Cotyledon_RedvsYellow",3.70583387580454,1.14722234794161,5.41337371719644e-07,3.60091766720076e-06,0.000196863917990674,0.0712488160566658
"Lcu.1GRN.Chr7p353692497",7,353692497,1,0.16358024691358,6.25440296204571,6.25440296204571,"GLM","DTF_Sask_2017",3.69700549256782,3.69700549256782,5.56669001453726e-07,5.56669001453726e-07,0.000200906740356208,0.000200906740356208
"Lcu.1GRN.Chr2p70909927",2,70909927,2,0.395061728395062,6.23918603250021,6.21470311040958,"GLM","DTF_Sask_2017",3.6873446449664,3.67951733798082,5.76519455119601e-07,6.09953727378536e-07,0.000205425974110397,0.00020916194034377
"Lcu.1GRN.Chr5p177060130",5,177060130,1,0.138888888888889,6.23029007653213,6.23029007653213,"GLM","DTF_Sask_2017",3.68367159135093,3.68367159135093,5.88450482747592e-07,5.88450482747592e-07,0.000207170735864211,0.000207170735864211
"Lcu.1GRN.Chr7p608085328",7,608085328,1,0.450617283950617,6.22513385037752,6.22513385037752,"GLM","DTF_Sask_2017",3.68367159135093,3.68367159135093,5.95478587621756e-07,5.95478587621756e-07,0.000207170735864211,0.000207170735864211
"Lcu.1GRN.Chr5p348198951",5,348198951,2,0.058641975308642,6.22281536123189,6.22281536123189,"GLM","DTF_Sask_2017",3.68367159135093,3.68367159135093,5.9866606172956e-07,5.9866606172956e-07,0.000207170735864211,0.000207170735864211
"Lcu.1GRN.Chr1p224469714",1,224469714,2,0.0661290322580645,6.21399923503059,5.30474652694901,"MLM;MLMM","Cotyledon_RedvsYellow",3.40402357649824,1.19290649308795,6.10943101024182e-07,4.95739441374986e-06,0.000394435888795012,0.0641347648757615
"Lcu.1GRN.Chr3p375584",3,375584,1,0.0864197530864198,6.20652202861389,6.20652202861389,"GLM","DTF_Sask_2017",3.67622031893619,3.67622031893619,6.21552720084764e-07,6.21552720084764e-07,0.000210755870762855,0.000210755870762855
"Lcu.1GRN.Chr3p57174305",3,57174305,1,0.237577639751553,6.16049101152494,6.16049101152494,"FarmCPU","DTF_Sask_2017_b",1.71285887574069,1.71285887574069,6.91049231715386e-07,6.91049231715386e-07,0.0193705130770341,0.0193705130770341
"Lcu.1GRN.Chr1p184184513",1,184184513,8,0.295161290322581,6.13441099226119,5.34392790266681,"MLMM;FarmCPU","Cotyledon_RedvsYellow",1.72154096273615,1.21505452950697,7.33819093684634e-07,4.52972771782799e-06,0.0189871174681092,0.0609460369305059
"Lcu.1GRN.Chr1p187418278",1,187418278,1,0.295161290322581,6.13441099226119,6.13441099226119,"MLMM","Cotyledon_RedvsYellow",1.72154096273615,1.72154096273615,7.33819093684634e-07,7.33819093684634e-07,0.0189871174681092,0.0189871174681092
"Lcu.1GRN.Chr2p633968862",2,633968862,1,0.214516129032258,6.03758672672687,6.03758672672687,"MLMM","Cotyledon_RedvsYellow",1.65690138057323,1.65690138057323,9.1709277764722e-07,9.1709277764722e-07,0.022034267595633,0.022034267595633
"Lcu.1GRN.Chr6p351968304",6,351968304,1,0.0629032258064516,5.55824260820771,5.55824260820771,"MLM","Cotyledon_RedvsYellow",2.80301670725709,2.80301670725709,2.76539639140002e-06,2.76539639140002e-06,0.00157392231469721,0.00157392231469721
"Lcu.1GRN.Chr2p472553204",2,472553204,1,0.109677419354839,5.54110840247082,5.54110840247082,"MLMM","Cotyledon_RedvsYellow",1.33651431537286,1.33651431537286,2.87668028870429e-06,2.87668028870429e-06,0.0460771580319331,0.0460771580319331
"Lcu.1GRN.Chr4p333068445",4,333068445,1,0.253225806451613,5.44679918714714,5.44679918714714,"MLMM","Cotyledon_RedvsYellow",1.28171364133286,1.28171364133286,3.5743807526743e-06,3.5743807526743e-06,0.0522740752449912,0.0522740752449912
"Lcu.1GRN.Chr4p101596334",4,101596334,1,0.0935483870967742,5.36208626662867,5.36208626662867,"MLM","Cotyledon_RedvsYellow",2.62131409503935,2.62131409503935,4.34423923260198e-06,4.34423923260198e-06,0.0023915854630976,0.0023915854630976
"Lcu.1GRN.Chr6p88455606",6,88455606,1,0.158950617283951,5.35334321168627,5.35334321168627,"MLM","DTF_Nepal_2017",1.39473155392139,1.39473155392139,4.43258209991709e-06,4.43258209991709e-06,0.0402966038703463,0.0402966038703463
"Lcu.1GRN.Chr3p31921172",3,31921172,1,0.33641975308642,5.27214926388662,5.27214926388662,"BLINK","DTF_Sask_2017",0.949455864710669,0.949455864710669,5.34380665044399e-06,5.34380665044399e-06,0.112342513224368,0.112342513224368
"Lcu.1GRN.Chr3p253608449",3,253608449,7,0.0645161290322581,5.20020912442337,5.15184053095776,"FarmCPU","Cotyledon_RedvsYellow",1.0536069843031,1.04000049709671,6.30653594759574e-06,7.04951873460069e-06,0.0883879407118723,0.0912009795462089
"Lcu.1GRN.Chr4p378569758",4,378569758,1,0.374193548387097,5.124730590598,5.124730590598,"BLINK","Cotyledon_RedvsYellow",0.995857217438159,0.995857217438159,7.50359541577933e-06,7.50359541577933e-06,0.100958475168778,0.100958475168778
"Lcu.1GRN.Chr2p588802652",2,588802652,1,0.124193548387097,5.10827008431552,5.10827008431552,"FarmCPU","Cotyledon_RedvsYellow",1.02861473382587,1.02861473382587,7.79345291091858e-06,7.79345291091858e-06,0.0936235848316768,0.0936235848316768
