"Name","Origin","SubRegion","Region"
"CDC_Asterix_AGL","Canada","Northern America","Americas"
"CDC_Rosie_AGL","Canada","Northern America","Americas"
"X3156.11_AGL","Canada","Northern America","Americas"
"CDC_Greenstar_AGL","Canada","Northern America","Americas"
"CDC_Cherie_AGL","Canada","Northern America","Americas"
"CDC_Glamis_AGL","Canada","Northern America","Americas"
"CDC_Gold_AGL","Canada","Northern America","Americas"
"CDC_Imax_AGL","Canada","Northern America","Americas"
"CDC_Impower_AGL","Canada","Northern America","Americas"
"CDC_KR.1_AGL","Canada","Northern America","Americas"
"CDC_LeMay_AGL","Canada","Northern America","Americas"
"CDC_Maxim_AGL","Canada","Northern America","Americas"
"CDC_QG.1_AGL","Canada","Northern America","Americas"
"CDC_Red_Rider_AGL","Canada","Northern America","Americas"
"CDC_Redcoat_AGL","Canada","Northern America","Americas"
"CDC_Redwing_AGL","Canada","Northern America","Americas"
"CDC_Robin_AGL","Canada","Northern America","Americas"
"CDC_Rosebud_AGL","Canada","Northern America","Americas"
"CDC_Rosetown_AGL","Canada","Northern America","Americas"
"CDC_Rouleau_AGL","Canada","Northern America","Americas"
"CDC_Royale_AGL","Canada","Northern America","Americas"
"CDC_Ruby_AGL","Canada","Northern America","Americas"
"CDC_SB.1_AGL","Canada","Northern America","Americas"
"CDC_Sedley_AGL","Canada","Northern America","Americas"
"CDC_Vantage_AGL","Canada","Northern America","Americas"
"CN_105604_AGL","Ethiopia","Eastern Africa","Africa"
"CN_105605_AGL","Eritrea","Eastern Africa","Africa"
"CN_105715_AGL","Ethiopia","Eastern Africa","Africa"
"CN_105732_AGL","Ethiopia","Eastern Africa","Africa"
"CN_105767_AGL","Libya","Northern Africa","Africa"
"CN_105777_AGL","Egypt","Northern Africa","Africa"
"CN_105789_AGL","Ethiopia","Eastern Africa","Africa"
"CN_105791_AGL","Egypt","Northern Africa","Africa"
"CN_105862_AGL","Tunisia","Northern Africa","Africa"
"CN_105863_AGL","Tunisia","Northern Africa","Africa"
"CN_105864_AGL","Tunisia","Northern Africa","Africa"
"CN_105865_AGL","Tunisia","Northern Africa","Africa"
"CN_105895_AGL","Egypt","Northern Africa","Africa"
"CN_106265_AGL","Egypt","Northern Africa","Africa"
"CN_108369_AGL","Libya","Northern Africa","Africa"
"CN_108370_AGL","Libya","Northern Africa","Africa"
"Crimson_AGL","USA","Northern America","Americas"
"DPL_62_AGL","India","Southern Asia","Asia"
"Eston_AGL","Canada","Northern America","Americas"
"Gudo_AGL","Ethiopia","Eastern Africa","Africa"
"IG_1046_AGL","Egypt","Northern Africa","Africa"
"IG_1706_AGL","Ethiopia","Eastern Africa","Africa"
"IG_1959_AGL","Ethiopia","Eastern Africa","Africa"
"IG_4258_AGL","India","Southern Asia","Asia"
"IG_4781_AGL","Algeria","Northern Africa","Africa"
"IG_858_AGL","Algeria","Northern Africa","Africa"
"ILL_10657_AGL","Turkey","Western Asia","Asia"
"ILL_10748_AGL","ICARDA","NA","NA"
"ILL_11547_AGL","Ethiopia","Eastern Africa","Africa"
"ILL_11548_AGL","Ethiopia","Eastern Africa","Africa"
"ILL_11553_AGL","India","Southern Asia","Asia"
"ILL_11555_AGL","India","Southern Asia","Asia"
"ILL_11557_AGL","India","Southern Asia","Asia"
"ILL_11558_AGL","India","Southern Asia","Asia"
"ILL_1220_AGL","Iran","Southern Asia","Asia"
"ILL_1553_AGL","Iran","Southern Asia","Asia"
"ILL_1762_AGL","Afghanistan","Southern Asia","Asia"
"ILL_1983_AGL","Ethiopia","Eastern Africa","Africa"
"ILL_213_AGL","Afghanistan","Southern Asia","Asia"
"ILL_2194_AGL","Pakistan","Southern Asia","Asia"
"PI_431893_LSP_AGL","Iran","Southern Asia","Asia"
"ILL_2507_AGL","India","Southern Asia","Asia"
"ILL_2580_AGL","India","Southern Asia","Asia"
"ILL_28_AGL","Syria","Western Asia","Asia"
"ILL_3025_AGL","India","Southern Asia","Asia"
"ILL_313_AGL","Israel","Western Asia","Asia"
"ILL_3347_AGL","India","Southern Asia","Asia"
"ILL_358_AGL","Ethiopia","Eastern Africa","Africa"
"ILL_3597_AGL","India","Southern Asia","Asia"
"ILL_4164_AGL","India","Southern Asia","Asia"
"ILL_4400_AGL","Syria","Western Asia","Asia"
"ILL_4605_AGL","Argentina","South America","Americas"
"ILL_4609_AGL","Netherlands","Western Europe","Europe"
"ILL_4665_AGL","Hungary","Eastern Europe","Europe"
"ILL_4671_AGL","USA","Northern America","Americas"
"ILL_4768_AGL","Yemen","Western Asia","Asia"
"ILL_4782_AGL","Unknown","NA","NA"
"ILL_4783_AGL","Czech Republic","Eastern Europe","Europe"
"ILL_4804_AGL","Libya","Northern Africa","Africa"
"ILL_4875_AGL","Uzbekistan","Central Asia","Asia"
"ILL_4956_AGL","Portugal","Southern Europe","Europe"
"ILL_5058_AGL","Spain","Southern Europe","Europe"
"ILL_5151_AGL","India","Southern Asia","Asia"
"ILL_5209_AGL","Jordan","Western Asia","Asia"
"ILL_5480_AGL","Czech Republic","Eastern Europe","Europe"
"ILL_5639_AGL","Ethiopia","Eastern Africa","Africa"
"ILL_5722_AGL","Turkey","Western Asia","Asia"
"ILL_5883_AGL","Jordan","Western Asia","Asia"
"ILL_5888_AGL","Bangladesh","Southern Asia","Asia"
"ILL_5945_AGL","Ethiopia","Eastern Africa","Africa"
"ILL_6002_AGL","ICARDA","NA","NA"
"ILL_618_AGL","Tajikistan","Central Asia","Asia"
"ILL_6182_AGL","Tunisia","Northern Africa","Africa"
"ILL_6211_AGL","ICARDA","NA","NA"
"ILL_624_AGL","Macedonia","Southern Europe","Europe"
"ILL_6821_AGL","Ethiopia","Eastern Africa","Africa"
"ILL_6853_AGL","Syria","Western Asia","Asia"
"ILL_7089_AGL","Russia","Eastern Europe","Europe"
"ILL_7558_AGL","India","Southern Asia","Asia"
"ILL_7663_AGL","ICARDA","NA","NA"
"ILL_7668_AGL","ICARDA","NA","NA"
"ILL_7716_AGL","India","Southern Asia","Asia"
"ILL_7747_AGL","Syria","Western Asia","Asia"
"ILL_7946_AGL","Syria","Western Asia","Asia"
"ILL_7978_AGL","Ethiopia","Eastern Africa","Africa"
"ILL_7979_AGL","ICARDA","NA","NA"
"ILL_8007_AGL","Bangladesh","Southern Asia","Asia"
"ILL_8009_AGL","Bangladesh","Southern Asia","Asia"
"ILL_8010_AGL","Bangladesh","Southern Asia","Asia"
"ILL_8072_AGL","India","Southern Asia","Asia"
"ILL_8174_AGL","ICARDA","NA","NA"
"ILL_8595_AGL","Ecuador","South America","Americas"
"ILL_9_AGL","Jordan","Western Asia","Asia"
"ILL_975_AGL","Chile","South America","Americas"
"ILL_9888_AGL","ICARDA","NA","NA"
"ILL_9932_AGL","ICARDA","NA","NA"
"ILL_9945_AGL","ICARDA","NA","NA"
"ILL_9977_AGL","Jordan","Western Asia","Asia"
"ILL_9997_AGL","ICARDA","NA","NA"
"ILWL_118_AGL","Syria","Western Asia","Asia"
"Indianhead_AGL","Canada","Northern America","Americas"
"IPL_220_AGL","India","Southern Asia","Asia"
"Laird_AGL","Canada","Northern America","Americas"
"LIRL.22.46_AGL","India","Southern Asia","Asia"
"PI_163589_AGL","Guatemala","Central America","Americas"
"PI_169534_LSP_AGL","Turkey","Western Asia","Asia"
"PI_175754_LSP_AGL","Turkey","Western Asia","Asia"
"PI_177430_LSP_AGL","Turkey","Western Asia","Asia"
"PI_178939_LSP_AGL","Turkey","Western Asia","Asia"
"PI_178952_AGL","Turkey","Western Asia","Asia"
"PI_178971_LSP_AGL","Turkey","Western Asia","Asia"
"PI_179324_LSP_AGL","Turkey","Western Asia","Asia"
"PI_179330_AGL","Turkey","Western Asia","Asia"
"PI_181771_LSP_AGL","Lebanon","Western Asia","Asia"
"PI_181886_LSP_AGL","Syria","Western Asia","Asia"
"PI_182217_LSP_AGL","Turkey","Western Asia","Asia"
"PI_193546_AGL","Ethiopia","Eastern Africa","Africa"
"PI_193547_LSP_AGL","Ethiopia","Eastern Africa","Africa"
"PI_193548_LSP_AGL","Ethiopia","Eastern Africa","Africa"
"PI_193550_AGL","Ethiopia","Eastern Africa","Africa"
"PI_207492_LSP_AGL","Afghanistan","Southern Asia","Asia"
"PI_518731_LSP_AGL","Brazil","South America","Americas"
"PI_209858_LSP_AGL","Greece","Southern Europe","Europe"
"PI_211052_LSP_AGL","Afghanistan","Southern Asia","Asia"
"PI_212100_LSP_AGL","Afghanistan","Southern Asia","Asia"
"PI_212610_LSP_AGL","Afghanistan","Southern Asia","Asia"
"PI_217949_LSP_AGL","Pakistan","Southern Asia","Asia"
"PI_238758_LSP_AGL","Belgium","Western Europe","Europe"
"PI_244046_AGL","Yemen","Western Asia","Asia"
"PI_250156_LSP_AGL","Pakistan","Southern Asia","Asia"
"PI_250158_LSP_AGL","Pakistan","Southern Asia","Asia"
"PI_251248_LSP_AGL","Egypt","Northern Africa","Africa"
"PI_273664_LSP_AGL","Ethiopia","Eastern Africa","Africa"
"PI_280686_AGL","Egypt","Northern Africa","Africa"
"PI_283604_LSP_AGL","Portugal","Southern Europe","Europe"
"PI_289066_AGL","Czech Republic","Eastern Europe","Europe"
"PI_289073_LSP_AGL","Hungary","Eastern Europe","Europe"
"PI_289079_LSP_AGL","Egypt","Northern Africa","Africa"
"PI_290716_LSP_AGL","Unknown","NA","NA"
"PI_297285_LSP_AGL","Argentina","South America","Americas"
"PI_297287_AGL","Argentina","South America","Americas"
"PI_297754_LSP_AGL","Greece","Southern Europe","Europe"
"PI_297767_AGL","Greece","Southern Europe","Europe"
"PI_297772_LSP_AGL","Greece","Southern Europe","Europe"
"PI_297783_AGL","Ethiopia","Eastern Africa","Africa"
"PI_297787_LSP_AGL","Russia","Eastern Europe","Europe"
"PI_298023_LSP_AGL","Turkey","Western Asia","Asia"
"PI_298121_LSP_AGL","France","Western Europe","Europe"
"PI_298122_LSP_AGL","France","Western Europe","Europe"
"PI_298357_LSP_AGL","Egypt","Northern Africa","Africa"
"PI_298631_LSP_AGL","Peru","South America","Americas"
"PI_298644_LSP_AGL","Spain","Southern Europe","Europe"
"PI_298645_AGL","Spain","Southern Europe","Europe"
"PI_298921_AGL","Italy","Southern Europe","Europe"
"PI_298922_LSP_AGL","Italy","Southern Europe","Europe"
"PI_298923_LSP_AGL","Italy","Southern Europe","Europe"
"PI_299116_LSP_AGL","Mexico","Central America","Americas"
"PI_299120_LSP_AGL","Mexico","Central America","Americas"
"PI_299121_LSP_AGL","Mexico","Central America","Americas"
"PI_299126_LSP_AGL","Mexico","Central America","Americas"
"PI_299163_LSP_AGL","Chile","South America","Americas"
"PI_299164_LSP_AGL","Chile","South America","Americas"
"PI_299165_AGL","Chile","South America","Americas"
"PI_299177_LSP_AGL","Chile","South America","Americas"
"PI_299237_LSP_AGL","Chile","South America","Americas"
"PI_299289_AGL","Chile","South America","Americas"
"PI_299312_AGL","Chile","South America","Americas"
"PI_299345_AGL","Chile","South America","Americas"
"PI_299351_LSP_AGL","Chile","South America","Americas"
"PI_299366_LSP_AGL","Chile","South America","Americas"
"PI_299375_LSP_AGL","Chile","South America","Americas"
"PI_300250_LSP_AGL","Syria","Western Asia","Asia"
"PI_302398_LSP_AGL","Jordan","Western Asia","Asia"
"PI_308614_LSP_AGL","Syria","Western Asia","Asia"
"PI_311107_LSP_AGL","Guatemala","Central America","Americas"
"PI_312175_LSP_AGL","Mexico","Central America","Americas"
"PI_320935_LSP_AGL","Iran","Southern Asia","Asia"
"PI_320936_LSP_AGL","Russia","Eastern Europe","Europe"
"PI_320937_LSP_AGL","Germany","Western Europe","Europe"
"CN_105866_AGL","Tunisia","Northern Africa","Africa"
"PI_320941_LSP_AGL","Ethiopia","Eastern Africa","Africa"
"PI_320945_LSP_AGL","Bulgaria","Eastern Europe","Europe"
"PI_320946_LSP_AGL","Israel","Western Asia","Asia"
"PI_320952_LSP_AGL","Czech Republic","Eastern Europe","Europe"
"PI_320953_LSP_AGL","Germany","Western Europe","Europe"
"PI_320954_LSP_AGL","Hungary","Eastern Europe","Europe"
"PI_329157_LSP_AGL","Iran","Southern Asia","Asia"
"PI_329167_LSP_AGL","Iran","Southern Asia","Asia"
"PI_339266_LSP_AGL","Turkey","Western Asia","Asia"
"PI_339283_LSP_AGL","Turkey","Western Asia","Asia"
"PI_339285_AGL","Turkey","Western Asia","Asia"
"PI_339289_LSP_AGL","Turkey","Western Asia","Asia"
"PI_339292_LSP_AGL","Turkey","Western Asia","Asia"
"PI_339296_AGL","Turkey","Western Asia","Asia"
"PI_343026_LSP_AGL","Tajikistan","Central Asia","Asia"
"PI_345627_LSP_AGL","Ukraine","Eastern Europe","Europe"
"PI_358602_LSP_AGL","Ethiopia","Eastern Africa","Africa"
"PI_368647_LSP_AGL","Macedonia","Southern Europe","Europe"
"PI_368651_LSP_AGL","Macedonia","Southern Europe","Europe"
"PI_370481_LSP_AGL","Serbia","Southern Europe","Europe"
"PI_374116_LSP_AGL","Morocco","Northern Africa","Africa"
"PI_374117_LSP_AGL","Morocco","Northern Africa","Africa"
"PI_374118_AGL","Morocco","Northern Africa","Africa"
"PI_374120_LSP_AGL","Morocco","Northern Africa","Africa"
"PI_374121_AGL","Morocco","Northern Africa","Africa"
"PI_379368_LSP_AGL","Macedonia","Southern Europe","Europe"
"PI_383682_LSP_AGL","Turkey","Western Asia","Asia"
"PI_420818_AGL","Greece","Southern Europe","Europe"
"PI_420924_LSP_AGL","Jordan","Western Asia","Asia"
"PI_420925_LSP_AGL","Jordan","Western Asia","Asia"
"PI_420929_LSP_AGL","Jordan","Western Asia","Asia"
"PI_426202_LSP_AGL","Afghanistan","Southern Asia","Asia"
"PI_426778_LSP_AGL","Pakistan","Southern Asia","Asia"
"PI_426784_LSP_AGL","Pakistan","Southern Asia","Asia"
"PI_426797_LSP_AGL","Pakistan","Southern Asia","Asia"
"PI_426807_LSP_AGL","Pakistan","Southern Asia","Asia"
"PI_431618_LSP_AGL","Iran","Southern Asia","Asia"
"PI_431622_LSP_AGL","Iran","Southern Asia","Asia"
"PI_431630_LSP_AGL","Iran","Southern Asia","Asia"
"PI_431633_LSP_AGL","Iran","Southern Asia","Asia"
"PI_431636_LSP_AGL","Iran","Southern Asia","Asia"
"PI_431643_LSP_AGL","Iran","Southern Asia","Asia"
"PI_431662_LSP_AGL","Iran","Southern Asia","Asia"
"PI_431663_LSP_AGL","Iran","Southern Asia","Asia"
"PI_431679_LSP_AGL","Egypt","Northern Africa","Africa"
"PI_431684_LSP_AGL","Iran","Southern Asia","Asia"
"PI_431705_LSP_AGL","Iran","Southern Asia","Asia"
"PI_431710_LSP_AGL","Iran","Southern Asia","Asia"
"PI_431714_LSP_AGL","Iran","Southern Asia","Asia"
"PI_431717_LSP_AGL","Iran","Southern Asia","Asia"
"PI_431728_LSP_AGL","Iran","Southern Asia","Asia"
"PI_431731_LSP_AGL","Iran","Southern Asia","Asia"
"PI_431739_LSP_AGL","Iran","Southern Asia","Asia"
"PI_431753_LSP_AGL","Iran","Southern Asia","Asia"
"PI_431756_LSP_AGL","Iran","Southern Asia","Asia"
"PI_431809_LSP_AGL","Iran","Southern Asia","Asia"
"PI_431824_LSP_AGL","Iran","Southern Asia","Asia"
"PI_431863_LSP_AGL","Iran","Southern Asia","Asia"
"PI_431873_LSP_AGL","Iran","Southern Asia","Asia"
"PI_431884_LSP_AGL","Iran","Southern Asia","Asia"
"PI_431888_LSP_AGL","Iran","Southern Asia","Asia"
"PI_431923_LSP_AGL","Iran","Southern Asia","Asia"
"PI_431980_LSP_AGL","Iran","Southern Asia","Asia"
"PI_432000_LSP_AGL","Iran","Southern Asia","Asia"
"PI_432001_LSP_AGL","Iran","Southern Asia","Asia"
"PI_432002_LSP_AGL","Iran","Southern Asia","Asia"
"PI_432005_LSP_AGL","Iran","Southern Asia","Asia"
"PI_432028_LSP_AGL","Iran","Southern Asia","Asia"
"PI_432033_LSP_AGL","Iran","Southern Asia","Asia"
"PI_432085_LSP_AGL","Iran","Southern Asia","Asia"
"PI_432106_LSP_AGL","Iran","Southern Asia","Asia"
"PI_432124_LSP_AGL","Iran","Southern Asia","Asia"
"PI_432145_LSP_AGL","Iran","Southern Asia","Asia"
"PI_432147_LSP_AGL","Iran","Southern Asia","Asia"
"PI_432184_LSP_AGL","Iran","Southern Asia","Asia"
"PI_432188_LSP_AGL","Iran","Southern Asia","Asia"
"PI_432190_LSP_AGL","Iran","Southern Asia","Asia"
"PI_432201_LSP_AGL","Iran","Southern Asia","Asia"
"PI_432212_LSP_AGL","Iran","Southern Asia","Asia"
"PI_432236_LSP_AGL","Jordan","Western Asia","Asia"
"PI_432245_LSP_AGL","Lebanon","Western Asia","Asia"
"PI_432271_LSP_AGL","Turkey","Western Asia","Asia"
"PI_432286_LSP_AGL","Egypt","Northern Africa","Africa"
"PI_451763_LSP_AGL","USA","Northern America","Americas"
"PI_458503_LSP_AGL","Mexico","Central America","Americas"
"PI_468900_LSP_AGL","Brazil","South America","Americas"
"PI_468901_AGL","Brazil","South America","Americas"
"PI_468902_LSP_AGL","Brazil","South America","Americas"
"PI_472136_LSP_AGL","India","Southern Asia","Asia"
"PI_472205_LSP_AGL","India","Southern Asia","Asia"
"PI_472213_LSP_AGL","India","Southern Asia","Asia"
"PI_472327_LSP_AGL","India","Southern Asia","Asia"
"PI_472380_LSP_AGL","India","Southern Asia","Asia"
"PI_472416_LSP_AGL","India","Southern Asia","Asia"
"PI_472488_LSP_AGL","India","Southern Asia","Asia"
"PI_472559_LSP_AGL","India","Southern Asia","Asia"
"PI_472561_LSP_AGL","India","Southern Asia","Asia"
"PI_472569_LSP_AGL","Egypt","Northern Africa","Africa"
"PI_472588_LSP_AGL","Egypt","Northern Africa","Africa"
"PI_472590_LSP_AGL","Lebanon","Western Asia","Asia"
"PI_472615_LSP_AGL","Jordan","Western Asia","Asia"
"PI_472629_LSP_AGL","Iran","Southern Asia","Asia"
"PI_477921_LSP_AGL","USA","Northern America","Americas"
"PI_490288_LSP_AGL","France","Western Europe","Europe"
"PI_490289_LSP_AGL","France","Western Europe","Europe"
"PI_508090_AGL","USA","Northern America","Americas"
"PI_518733_LSP_AGL","Brazil","South America","Americas"
"PI_518734_LSP_AGL","Brazil","South America","Americas"
"PI_533688_LSP_AGL","Spain","Southern Europe","Europe"
"PI_533693_LSP_AGL","Spain","Southern Europe","Europe"
"PI_612875_AGL","Syria","Western Asia","Asia"
"PI_643451_AGL","Ethiopia","Eastern Africa","Africa"
"PI_643452_AGL","Syria","Western Asia","Asia"
"Shasta_AGL","USA","Northern America","Americas"
"W6_27754_LSP_AGL","USDA","Northern America","Americas"
"W6_27760_LSP_AGL","USDA","Northern America","Americas"
"W6_27763_LSP_AGL","USDA","Northern America","Americas"
"W6_27766_LSP_AGL","USDA","Northern America","Americas"
"W6_27767_LSP_AGL","USDA","Northern America","Americas"
