"SNP","lg","Position"
"Lcu.2RBY.Chr1_102694",1,0
"Lcu.2RBY.Chr1_437483",1,2.4773
"Lcu.2RBY.Chr1_890646",1,6.0548
"Lcu.2RBY.Chr1_1003850",1,7.3156
"Lcu.2RBY.Chr1_1232402",1,8.6145
"Lcu.2RBY.Chr1_1363775",1,9.8648
"Lcu.2RBY.Chr1_1275060",1,10.278
"Lcu.2RBY.Chr1_1987560",1,11.4146
"Lcu.2RBY.Chr1_2275880",1,13.5345
"Lcu.2RBY.Chr1_2297754",1,14.3749
"Lcu.2RBY.Chr1_3645349",1,20.5282
"Lcu.2RBY.Chr1_6736966",1,28.0853
"Lcu.2RBY.Chr1_8516793",1,32.3509
"Lcu.2RBY.Chr1_9763583",1,34.0958
"Lcu.2RBY.Chr1_11965482",1,35.485
"Lcu.2RBY.Chr1_10870993",1,36.5269
"Lcu.2RBY.Chr1_26998512",1,41.7405
"Lcu.2RBY.Chr1_23714013",1,42.4254
"Lcu.2RBY.Chr1_23371423",1,43.0428
"Lcu.2RBY.Chr1_26220339",1,43.92
"Lcu.2RBY.Chr1_31345467",1,44.8376
"Lcu.2RBY.Chr1_26997993",1,45.2508
"Lcu.2RBY.Chr1_61294398",1,45.9551
"Lcu.2RBY.Chr1_196241746",1,47.8791
"Lcu.2RBY.Chr1_55632599",1,48.7883
"Lcu.2RBY.Chr1_75123742",1,53.2645
"Lcu.2RBY.Chr1_75130779",1,53.7696
"Lcu.2RBY.Chr1_75123799",1,54.7901
"Lcu.2RBY.Chr1_379861929",1,65.836
"Lcu.2RBY.Chr1_459525264",1,78.1774
"Lcu.2RBY.Chr1_459525277",1,113.4521
"Lcu.2RBY.Chr1_459525276",1,125.4414
"Lcu.2RBY.Chr1_61294389",1,139.105
"Lcu.2RBY.Chr1_197785571",1,141.6935
"Lcu.2RBY.Chr1_258952789",1,143.6553
"Lcu.2RBY.Chr1_59238653",1,144.6358
"Lcu.2RBY.Chr1_95510223",1,145.3712
"Lcu.2RBY.Chr1_329995223",1,145.7879
"Lcu.2RBY.Chr1_332580293",1,146.3693
"Lcu.2RBY.Chr1_332580200",1,146.9375
"Lcu.2RBY.Chr1_353527561",1,147.8304
"Lcu.2RBY.Chr1_355298058",1,148.4798
"Lcu.2RBY.Chr1_363638832",1,149.5438
"Lcu.2RBY.Chr1_380462089",1,150.9331
"Lcu.2RBY.Chr1_382679487",1,152.989
"Lcu.2RBY.Chr1_388909186",1,154.4317
"Lcu.2RBY.Chr1_389862943",1,155.7478
"Lcu.2RBY.Chr1_392489732",1,156.9826
"Lcu.2RBY.Chr1_393267324",1,157.4414
"Lcu.2RBY.Chr1_399978703",1,159.0377
"Lcu.2RBY.Chr1_402225445",1,159.9993
"Lcu.2RBY.Chr1_404320460",1,162.6333
"Lcu.2RBY.Chr1_404320685",1,163.0607
"Lcu.2RBY.Chr1_405909813",1,163.488
"Lcu.2RBY.Chr1_416969460",1,164.2693
"Lcu.2RBY.Chr1_414205922",1,164.9273
"Lcu.2RBY.Chr1_426775049",1,165.4829
"Lcu.2RBY.Chr1_424262653",1,166.3094
"Lcu.2RBY.Chr1_426671583",1,166.7367
"Lcu.2RBY.Chr1_428656947",1,168.3502
"Lcu.2RBY.Chr1_431254415",1,168.76
"Lcu.2RBY.Chr1_434680444",1,169.3698
"Lcu.2RBY.Chr1_439906554",1,169.9018
"Lcu.2RBY.Chr1_444280060",1,170.3219
"Lcu.2RBY.Chr1_439906543",1,171.1485
"Lcu.2RBY.Chr1_445024070",1,171.6292
"Lcu.2RBY.Chr1_440287383",1,172.9453
"Lcu.2RBY.Chr1_440287380",1,178.026
"Lcu.2RBY.Chr1_440287428",1,179.8125
"Lcu.2RBY.Chr1_441122418",1,195.5683
"Lcu.2RBY.Chr1_460826132",1,208.339
"Lcu.2RBY.Chr1_471402577",1,210.6133
"Lcu.2RBY.Chr1_467064994",1,213.5011
"Lcu.2RBY.Chr1_454644523",1,214.134
"Lcu.2RBY.Chr1_467064642",1,214.7514
"Lcu.2RBY.Chr1_469219762",1,215.1824
"Lcu.2RBY.Chr1_471402581",1,215.8154
"Lcu.2RBY.Chr1_471402626",1,216.4483
"Lcu.2RBY.Chr1_470530811",1,217.0812
"Lcu.2RBY.Chr1_478603655",1,218.3315
"Lcu.2RBY.Chr1_482611737",1,219.2012
"Lcu.2RBY.Chr1_487610355",1,219.6359
"Lcu.2RBY.Chr1_489488338",1,221.4224
"Lcu.2RBY.Chr1_492253877",1,223.0897
"Lcu.2RBY.Chr1_493882075",1,224.4789
"Lcu.2RBY.Chr1_501804536",1,225.0109
"Lcu.2RBY.Chr1_503988535",1,226.7558
"Lcu.2RBY.Chr1_504656568",1,227.2188
"Lcu.2RBY.Chr1_504994805",1,227.8212
"Lcu.2RBY.Chr1_513315454",1,231.0515
"Lcu.2RBY.Chr1_516844356",1,232.3676
"Lcu.2RBY.Chr1_518039207",1,233.6837
"Lcu.2RBY.Chr1_518833339",1,234.2213
"Lcu.2RBY.Chr1_519563339",1,235.9462
"Lcu.2RBY.Chr1_520309093",1,238.4482
"Lcu.2RBY.Chr1_523090789",1,239.668
"Lcu.2RBY.Chr1_520519330",1,240.3174
"Lcu.2RBY.Chr1_520519231",1,240.8076
"Lcu.2RBY.Chr1_522510501",1,242.4211
"Lcu.2RBY.Chr1_524388873",1,245.8511
"Lcu.2RBY.Chr1_523701129",1,246.6915
"Lcu.2RBY.Chr1_524388913",1,247.1082
"Lcu.2RBY.Chr1_527077138",1,248.3905
"Lcu.2RBY.Chr1_527668800",1,250.1006
"Lcu.2RBY.Chr1_528655364",1,252.6027
"Lcu.2RBY.Chr1_528920767",1,253.0835
"Lcu.2RBY.Chr1_529784548",1,255.2587
"Lcu.2RBY.Chr1_531275018",1,256.2204
"Lcu.2RBY.Chr1_531274750",1,256.6269
"Lcu.2RBY.Chr1_537546951",1,257.8466
"Lcu.2RBY.Chr1_537977228",1,258.8369
"Lcu.2RBY.Chr5_254143",2,0
"Lcu.2RBY.Chr5_582376",2,0.7143
"Lcu.2RBY.Chr5_582356",2,1.381
"Lcu.2RBY.Chr5_1062770",2,1.8618
"Lcu.2RBY.Chr5_1553348",2,3.5866
"Lcu.2RBY.Chr5_1323159",2,4.9506
"Lcu.2RBY.Chr5_2211759",2,5.8766
"Lcu.2RBY.Chr5_2205099",2,6.591
"Lcu.2RBY.Chr5_2375538",2,7.9675
"Lcu.2RBY.Chr5_3167039",2,10.052
"Lcu.2RBY.Chr5_3476315",2,11.3128
"Lcu.2RBY.Chr5_3725462",2,14.4419
"Lcu.2RBY.Chr5_4051494",2,15.9575
"Lcu.2RBY.Chr5_4086907",2,16.3923
"Lcu.2RBY.Chr5_4086974",2,16.9605
"Lcu.2RBY.Chr5_4208708",2,17.5419
"Lcu.2RBY.Chr5_5194190",2,22.1945
"Lcu.2RBY.Chr5_5632846",2,23.3441
"Lcu.2RBY.Chr5_5626034",2,23.8158
"Lcu.2RBY.Chr5_5748923",2,24.229
"Lcu.2RBY.Chr5_6276899",2,25.4898
"Lcu.2RBY.Chr5_6766941",2,26.352
"Lcu.2RBY.Chr5_6823877",2,26.847
"Lcu.2RBY.Chr5_7751321",2,28.6335
"Lcu.2RBY.Chr5_9514724",2,31.7956
"Lcu.2RBY.Chr5_10443017",2,32.9586
"Lcu.2RBY.Chr5_11078311",2,33.6165
"Lcu.2RBY.Chr5_11705630",2,34.888
"Lcu.2RBY.Chr5_17100486",2,42.5225
"Lcu.2RBY.Chr5_17100218",2,43.8927
"Lcu.2RBY.Chr5_17089708",2,44.3201
"Lcu.2RBY.Chr5_16043755",2,44.7333
"Lcu.2RBY.Chr5_15662728",2,45.1681
"Lcu.2RBY.Chr5_13559947",2,46.0691
"Lcu.2RBY.Chr5_13129255",2,47.7001
"Lcu.2RBY.Chr5_19368381",2,50.4502
"Lcu.2RBY.Chr5_20498191",2,51.7109
"Lcu.2RBY.Chr5_22770628",2,52.9933
"Lcu.2RBY.Chr5_23322209",2,54.7181
"Lcu.2RBY.Chr5_24117272",2,56.0342
"Lcu.2RBY.Chr5_24117295",2,56.469
"Lcu.2RBY.Chr5_24117264",2,56.9037
"Lcu.2RBY.Chr5_25675311",2,57.7659
"Lcu.2RBY.Chr5_28389586",2,58.5993
"Lcu.2RBY.Chr5_29048789",2,59.016
"Lcu.2RBY.Chr5_33646154",2,60.2768
"Lcu.2RBY.Chr5_35800226",2,60.7005
"Lcu.2RBY.Chr5_38173365",2,62.4253
"Lcu.2RBY.Chr5_206853958",2,64.3871
"Lcu.2RBY.Chr5_205460365",2,66.9317
"Lcu.2RBY.Chr5_106247928",2,76.48
"Lcu.2RBY.Chr5_75461488",2,85.0238
"Lcu.2RBY.Chr5_177397860",2,85.6648
"Lcu.2RBY.Chr5_205041053",2,92.6874
"Lcu.2RBY.Chr2_311364650",2,97.8073
"Lcu.2RBY.Chr2_324815448",2,98.5536
"Lcu.2RBY.Chr2_310366900",2,99.2999
"Lcu.2RBY.Chr2_309575616",2,99.941
"Lcu.2RBY.Chr2_284213401",2,101.1913
"Lcu.2RBY.Chr2_176504313",2,102.4261
"Lcu.2RBY.Chr2_162454435",2,103.4066
"Lcu.2RBY.Chr2_156810492",2,103.9501
"Lcu.2RBY.Chr2_109259562",2,104.5248
"Lcu.2RBY.Chr2_126888680",2,105.387
"Lcu.2RBY.Chr2_71599701",2,108.6525
"Lcu.2RBY.Chr2_81564017",2,109.1379
"Lcu.2RBY.Chr2_81567733",2,109.6009
"Lcu.2RBY.Chr2_61246261",2,110.4207
"Lcu.2RBY.Chr2_44029490",2,112.3447
"Lcu.2RBY.Chr2_57465242",2,114.0695
"Lcu.2RBY.Chr2_57941775",2,118.0461
"Lcu.2RBY.Chr2_52255243",2,118.5007
"Lcu.2RBY.Chr2_49485622",2,118.9861
"Lcu.2RBY.Chr2_50653636",2,119.6191
"Lcu.2RBY.Chr5_439143971",2,120.4525
"Lcu.2RBY.Chr5_439143932",2,122.4806
"Lcu.2RBY.Chr5_439143959",2,123.8143
"Lcu.2RBY.Chr2_34860512",2,125.1479
"Lcu.2RBY.Chr2_32310996",2,126.6948
"Lcu.2RBY.Chr2_27589080",2,127.5496
"Lcu.2RBY.Chr2_27955872",2,127.9663
"Lcu.2RBY.Chr2_23916162",2,128.6242
"Lcu.2RBY.Chr2_23622875",2,129.0444
"Lcu.2RBY.Chr2_22678434",2,131.0725
"Lcu.2RBY.Chr2_22671614",2,131.9201
"Lcu.2RBY.Chr2_21110486",2,132.7014
"Lcu.2RBY.Chr2_20228859",2,134.0716
"Lcu.2RBY.Chr2_18135317",2,135.0521
"Lcu.2RBY.Chr2_17871369",2,135.6268
"Lcu.2RBY.Chr2_17665433",2,136.4965
"Lcu.2RBY.Chr2_16260784",2,136.9063
"Lcu.2RBY.Chr2_15674508",2,137.776
"Lcu.2RBY.Chr2_15199927",2,138.6852
"Lcu.2RBY.Chr2_14616947",2,140.4403
"Lcu.2RBY.Chr2_13773327",2,140.8502
"Lcu.2RBY.Chr2_13471084",2,141.4454
"Lcu.2RBY.Chr2_13471114",2,142.0337
"Lcu.2RBY.Chr2_13471051",2,142.6219
"Lcu.2RBY.Chr2_12366123",2,143.4553
"Lcu.2RBY.Chr2_10344062",2,144.0883
"Lcu.2RBY.Chr2_9923624",2,145.8537
"Lcu.2RBY.Chr2_8818249",2,147.4167
"Lcu.2RBY.Chr2_8718338",2,148.5405
"Lcu.2RBY.Chr2_8164019",2,149.0507
"Lcu.2RBY.Chr2_7892959",2,149.561
"Lcu.2RBY.Chr2_6573390",2,149.9675
"Lcu.2RBY.Chr2_6063672",2,151.2074
"Lcu.2RBY.Chr2_5380007",2,154.1871
"Lcu.2RBY.Chr2_3955439",2,155.6161
"Lcu.2RBY.Chr2_3895989",2,156.7657
"Lcu.2RBY.Chr2_3672921",2,157.501
"Lcu.2RBY.Chr2_3672958",2,158.0629
"Lcu.2RBY.Chr2_3123430",2,159.8709
"Lcu.2RBY.Chr2_3204489",2,160.3057
"Lcu.2RBY.Chr2_2492689",2,160.7223
"Lcu.2RBY.Chr2_1625647",2,163.8127
"Lcu.2RBY.Chr2_1445811",2,164.2225
"Lcu.2RBY.Chr2_890958",2,166.8846
"Lcu.2RBY.Chr2_385398",2,168.1044
"Lcu.2RBY.Chr2_382050",2,168.5469
"Lcu.2RBY.Chr2_456310",2,169.0469
"Lcu.2RBY.Chr5_414552171",2,197.2935
"Lcu.2RBY.Chr5_414543670",2,197.9429
"Lcu.2RBY.Chr5_414543689",2,201.3729
"Lcu.2RBY.Chr5_414552190",2,202.0308
"Lcu.2RBY.Chr5_414543693",2,204.8115
"Lcu.2RBY.Chr2_593157036",2,219.5061
"Lcu.2RBY.Chr2_599764975",2,225.789
"Lcu.2RBY.Chr2_601603351",2,226.2563
"Lcu.2RBY.Chr2_602595500",2,226.9057
"Lcu.2RBY.Chr2_603028134",2,228.0687
"Lcu.2RBY.Chr2_611559408",2,234.8904
"Lcu.2RBY.Chr2_611526391",2,235.5314
"Lcu.2RBY.Chr2_612789521",2,236.6552
"Lcu.2RBY.Chr2_611846384",2,237.9948
"Lcu.2RBY.Chr2_610939596",2,238.904
"Lcu.2RBY.Chr2_611152611",2,239.4091
"Lcu.2RBY.Chr2_610045748",2,241.058
"Lcu.2RBY.Chr2_609978947",2,241.7724
"Lcu.2RBY.Chr2_608781302",2,244.7169
"Lcu.2RBY.Chr2_607943019",2,245.2664
"Lcu.2RBY.Chr2_607719133",2,245.9158
"Lcu.2RBY.Chr2_607284903",2,248.5498
"Lcu.2RBY.Chr2_607284852",2,249.1909
"Lcu.2RBY.Chr2_608725201",2,250.1714
"Lcu.2RBY.Chr2_606817593",2,251.8962
"Lcu.2RBY.Chr2_606284959",2,252.5907
"Lcu.2RBY.Chr2_605925061",2,254.0196
"Lcu.2RBY.Chr2_605315539",2,255.1434
"Lcu.2RBY.Chr2_605315517",2,255.5745
"Lcu.2RBY.Chr2_603615880",2,256.8679
"Lcu.2RBY.Chr2_601653242",2,258.1502
"Lcu.2RBY.Chr2_599269810",2,258.7249
"Lcu.2RBY.Chr2_597860361",2,259.61
"Lcu.2RBY.Chr2_597726009",2,260.0165
"Lcu.2RBY.Chr2_596779594",2,262.9903
"Lcu.2RBY.Chr2_593770512",2,265.4676
"Lcu.2RBY.Chr2_592190747",2,267.1489
"Lcu.2RBY.Chr2_589990581",2,269.7152
"Lcu.2RBY.Chr2_570608077",2,271.6899
"Lcu.2RBY.Chr2_567805268",2,272.121
"Lcu.2RBY.Chr2_562234933",2,272.9906
"Lcu.2RBY.Chr2_538702532",2,273.5859
"Lcu.2RBY.Chr2_529691413",2,275.3107
"Lcu.2RBY.Chr2_526778368",2,275.8663
"Lcu.2RBY.Chr2_504194942",2,276.2761
"Lcu.2RBY.Chr2_504194950",2,276.9091
"Lcu.2RBY.Chr2_494849991",2,277.8526
"Lcu.2RBY.Chr2_486814247",2,278.3428
"Lcu.2RBY.Chr2_468524901",2,279.1626
"Lcu.2RBY.Chr2_468524871",2,279.5863
"Lcu.2RBY.Chr2_470604141",2,280.1887
"Lcu.2RBY.Chr2_450450282",2,280.8737
"Lcu.2RBY.Chr2_449950018",2,281.9377
"Lcu.2RBY.Chr2_449047634",2,282.4328
"Lcu.2RBY.Chr2_437951353",2,284.1141
"Lcu.2RBY.Chr2_431137386",2,285.2771
"Lcu.2RBY.Chr2_408773236",2,285.9814
"Lcu.2RBY.Chr5_272761436",2,286.4087
"Lcu.2RBY.Chr2_402633127",2,286.8592
"Lcu.2RBY.Chr5_190334853",2,287.5442
"Lcu.2RBY.Chr5_431548244",2,288.2199
"Lcu.2RBY.Chr5_432809084",2,289.5964
"Lcu.2RBY.Chr5_432809093",2,290.035
"Lcu.2RBY.Chr5_433000545",2,290.5504
"Lcu.2RBY.Chr5_434795117",2,292.0661
"Lcu.2RBY.Chr5_436002884",2,292.7328
"Lcu.2RBY.Chr5_437720192",2,294.3462
"Lcu.2RBY.Chr5_440991318",2,295.8172
"Lcu.2RBY.Chr5_446087024",2,299.1555
"Lcu.2RBY.Chr5_448522214",2,299.641
"Lcu.2RBY.Chr5_450835972",2,300.1845
"Lcu.2RBY.Chr5_450989084",2,300.7
"Lcu.2RBY.Chr5_455524081",2,301.2494
"Lcu.2RBY.Chr5_455847742",2,301.6805
"Lcu.2RBY.Chr5_456322042",2,302.2619
"Lcu.2RBY.Chr5_458430807",2,303.972
"Lcu.2RBY.Chr5_460714638",2,307.3102
"Lcu.2RBY.Chr5_464085281",2,310.407
"Lcu.2RBY.Chr5_466045936",2,311.3595
"Lcu.2RBY.Chr5_468561036",2,314.8652
"Lcu.2RBY.Chr5_469911445",2,317.8809
"Lcu.2RBY.Chr5_470368659",2,319.1157
"Lcu.2RBY.Chr5_469828318",2,319.993
"Lcu.2RBY.Chr5_58010690",2,324.6796
"Lcu.2RBY.Chr5_58083160",2,326.98
"Lcu.2RBY.Chr5_472264979",2,330.5154
"Lcu.2RBY.Chr5_472483555",2,331.9046
"Lcu.2RBY.Chr5_472483527",2,332.5625
"Lcu.2RBY.Chr5_472805344",2,336.14
"Lcu.2RBY.Chr5_473416349",2,339.5105
"Lcu.2RBY.Chr5_473416338",2,339.9651
"Lcu.2RBY.Chr5_473229552",2,340.4196
"Lcu.2RBY.Chr5_473416369",2,340.8742
"Lcu.2RBY.Chr5_473686119",2,341.3693
"Lcu.2RBY.Chr5_463082357",2,343.618
"Lcu.2RBY.Chr5_463082389",2,344.1282
"Lcu.2RBY.Chr5_463082314",2,344.7029
"Lcu.2RBY.Chr5_473416548",2,355.2744
"Lcu.2RBY.Chr3_1304995",3,0
"Lcu.2RBY.Chr3_1365775",3,0.685
"Lcu.2RBY.Chr3_2255183",3,3.0122
"Lcu.2RBY.Chr3_2344398",3,4.2837
"Lcu.2RBY.Chr3_2631248",3,5.1241
"Lcu.2RBY.Chr3_4746599",3,7.2262
"Lcu.2RBY.Chr3_5445981",3,8.7573
"Lcu.2RBY.Chr3_7317427",3,13.6913
"Lcu.2RBY.Chr3_7317205",3,14.358
"Lcu.2RBY.Chr3_7317447",3,15.0074
"Lcu.2RBY.Chr3_14480449",3,18.0882
"Lcu.2RBY.Chr3_12147498",3,18.609
"Lcu.2RBY.Chr3_11907802",3,19.0438
"Lcu.2RBY.Chr3_20977681",3,20.414
"Lcu.2RBY.Chr3_24938042",3,21.8033
"Lcu.2RBY.Chr3_33105697",3,24.1198
"Lcu.2RBY.Chr3_29720803",3,24.5435
"Lcu.2RBY.Chr3_44075098",3,25.2578
"Lcu.2RBY.Chr3_36955209",3,26.3218
"Lcu.2RBY.Chr3_35382850",3,26.8836
"Lcu.2RBY.Chr3_44391391",3,28.1034
"Lcu.2RBY.Chr3_55552864",3,29.4195
"Lcu.2RBY.Chr3_57544087",3,30.1045
"Lcu.2RBY.Chr3_65500541",3,30.5995
"Lcu.2RBY.Chr3_65500578",3,31.5087
"Lcu.2RBY.Chr3_65500548",3,32.4179
"Lcu.2RBY.Chr3_68897862",3,32.8766
"Lcu.2RBY.Chr3_72912511",3,34.17
"Lcu.2RBY.Chr3_84134867",3,34.8844
"Lcu.2RBY.Chr3_109699354",3,35.3561
"Lcu.2RBY.Chr3_110595833",3,35.9117
"Lcu.2RBY.Chr3_142588134",3,38.2121
"Lcu.2RBY.Chr3_180638031",3,41.4424
"Lcu.2RBY.Chr3_155589445",3,42.1671
"Lcu.2RBY.Chr3_155589640",3,42.6301
"Lcu.2RBY.Chr3_149236635",3,43.1018
"Lcu.2RBY.Chr3_182935009",3,45.0765
"Lcu.2RBY.Chr3_191180091",3,47.0005
"Lcu.2RBY.Chr3_195355200",3,47.5382
"Lcu.2RBY.Chr3_194052346",3,48.2049
"Lcu.2RBY.Chr3_200488946",3,49.9914
"Lcu.2RBY.Chr3_196567357",3,51.1544
"Lcu.2RBY.Chr3_213034392",3,51.5892
"Lcu.2RBY.Chr3_218028668",3,52.5602
"Lcu.2RBY.Chr3_226515577",3,53.0504
"Lcu.2RBY.Chr3_225703321",3,53.5554
"Lcu.2RBY.Chr3_225073067",3,54.0457
"Lcu.2RBY.Chr3_223050973",3,54.5219
"Lcu.2RBY.Chr3_217357341",3,55.2795
"Lcu.2RBY.Chr3_223733536",3,56.0371
"Lcu.2RBY.Chr3_227427553",3,57.7922
"Lcu.2RBY.Chr3_230160282",3,58.2973
"Lcu.2RBY.Chr3_233317932",3,60.5309
"Lcu.2RBY.Chr3_239179204",3,61.8826
"Lcu.2RBY.Chr3_245664403",3,63.1434
"Lcu.2RBY.Chr3_245663895",3,63.5782
"Lcu.2RBY.Chr3_248974436",3,64.8605
"Lcu.2RBY.Chr3_248974508",3,65.4778
"Lcu.2RBY.Chr3_255714354",3,66.0951
"Lcu.2RBY.Chr3_254737906",3,66.616
"Lcu.2RBY.Chr3_254737992",3,67.0624
"Lcu.2RBY.Chr3_257268177",3,67.7978
"Lcu.2RBY.Chr3_257268109",3,68.3133
"Lcu.2RBY.Chr3_259089364",3,68.8287
"Lcu.2RBY.Chr3_267632507",3,70.4777
"Lcu.2RBY.Chr3_272525373",3,71.9204
"Lcu.2RBY.Chr3_274070982",3,72.8551
"Lcu.2RBY.Chr3_275833824",3,73.5594
"Lcu.2RBY.Chr3_277970899",3,74.0496
"Lcu.2RBY.Chr3_280169719",3,75.0206
"Lcu.2RBY.Chr3_280556022",3,76.0108
"Lcu.2RBY.Chr3_283020031",3,76.6281
"Lcu.2RBY.Chr3_287270277",3,77.2306
"Lcu.2RBY.Chr3_289951800",3,77.6507
"Lcu.2RBY.Chr3_287239669",3,78.0709
"Lcu.2RBY.Chr3_287931417",3,78.5972
"Lcu.2RBY.Chr3_289933134",3,79.1236
"Lcu.2RBY.Chr3_290216249",3,80.0009
"Lcu.2RBY.Chr3_290662042",3,80.5217
"Lcu.2RBY.Chr3_294660970",3,81.1315
"Lcu.2RBY.Chr3_295041486",3,82.1217
"Lcu.2RBY.Chr3_295510277",3,84.2598
"Lcu.2RBY.Chr3_300729075",3,85.5421
"Lcu.2RBY.Chr3_303931887",3,86.8758
"Lcu.2RBY.Chr3_305434300",3,87.3262
"Lcu.2RBY.Chr3_311895364",3,91.5467
"Lcu.2RBY.Chr3_311895461",3,92.0055
"Lcu.2RBY.Chr3_316378347",3,92.7
"Lcu.2RBY.Chr3_322178024",3,95.9303
"Lcu.2RBY.Chr3_324782757",3,96.7778
"Lcu.2RBY.Chr3_326609412",3,97.3661
"Lcu.2RBY.Chr3_330750265",3,98.4415
"Lcu.2RBY.Chr3_330750547",3,98.9734
"Lcu.2RBY.Chr3_332027350",3,100.11
"Lcu.2RBY.Chr3_332027284",3,100.5604
"Lcu.2RBY.Chr3_332897115",3,101.4455
"Lcu.2RBY.Chr3_332896981",3,101.8553
"Lcu.2RBY.Chr3_333017620",3,102.2686
"Lcu.2RBY.Chr3_334168491",3,103.109
"Lcu.2RBY.Chr3_337174331",3,103.5515
"Lcu.2RBY.Chr3_335604818",3,103.9717
"Lcu.2RBY.Chr3_337776932",3,104.3883
"Lcu.2RBY.Chr3_340655568",3,105.2287
"Lcu.2RBY.Chr3_340655570",3,105.6454
"Lcu.2RBY.Chr3_345962366",3,108.8142
"Lcu.2RBY.Chr3_344818174",3,109.5835
"Lcu.2RBY.Chr3_346386736",3,110.4383
"Lcu.2RBY.Chr3_347542095",3,111.7544
"Lcu.2RBY.Chr3_347542096",3,112.3717
"Lcu.2RBY.Chr3_355993268",3,113.0964
"Lcu.2RBY.Chr3_356463719",3,113.9737
"Lcu.2RBY.Chr3_356872243",3,114.401
"Lcu.2RBY.Chr3_356957484",3,114.8143
"Lcu.2RBY.Chr3_361681805",3,115.6477
"Lcu.2RBY.Chr3_362423394",3,116.0825
"Lcu.2RBY.Chr3_365313549",3,117.0085
"Lcu.2RBY.Chr3_369572847",3,117.524
"Lcu.2RBY.Chr3_370185340",3,119.1729
"Lcu.2RBY.Chr3_372449117",3,119.798
"Lcu.2RBY.Chr3_373497701",3,121.003
"Lcu.2RBY.Chr3_377629536",3,121.6203
"Lcu.2RBY.Chr3_381594168",3,122.2697
"Lcu.2RBY.Chr3_382533780",3,123.1173
"Lcu.2RBY.Chr3_383791966",3,123.589
"Lcu.2RBY.Chr3_384891070",3,124.0238
"Lcu.2RBY.Chr3_388960737",3,125.3228
"Lcu.2RBY.Chr3_389579732",3,126.1425
"Lcu.2RBY.Chr3_392835484",3,126.9362
"Lcu.2RBY.Chr3_392835593",3,127.5315
"Lcu.2RBY.Chr3_398338433",3,128.379
"Lcu.2RBY.Chr3_398338322",3,128.7992
"Lcu.2RBY.Chr3_404007860",3,131.3788
"Lcu.2RBY.Chr3_405494810",3,131.8596
"Lcu.2RBY.Chr3_406814338",3,132.7071
"Lcu.2RBY.Chr3_412065960",3,133.5475
"Lcu.2RBY.Chr3_408131781",3,134.381
"Lcu.2RBY.Chr3_414185700",3,136.1674
"Lcu.2RBY.Chr3_414658775",3,137.0296
"Lcu.2RBY.Chr3_417939316",3,141.7099
"Lcu.2RBY.Chr3_418076181",3,142.1953
"Lcu.2RBY.Chr3_420708849",3,150.2647
"Lcu.2RBY.Chr3_420875496",3,151.4143
"Lcu.2RBY.Chr3_420973055",3,152.0316
"Lcu.2RBY.Chr3_420973033",3,152.5525
"Lcu.2RBY.Chr3_420972807",3,153.0733
"Lcu.2RBY.Chr3_421872671",3,155.3738
"Lcu.2RBY.Chr3_426126502",3,155.8592
"Lcu.2RBY.Chr3_428068648",3,157.5841
"Lcu.2RBY.Chr3_428308804",3,158.8038
"Lcu.2RBY.Chr3_429102752",3,160.7278
"Lcu.2RBY.Chr3_429763175",3,161.1866
"Lcu.2RBY.Chr3_429548310",3,161.6453
"Lcu.2RBY.Chr4_134179793",4,0
"Lcu.2RBY.Chr4_134179854",4,0.7043
"Lcu.2RBY.Chr4_98062109",4,5.721
"Lcu.2RBY.Chr4_156033847",4,6.7016
"Lcu.2RBY.Chr4_134179724",4,7.6821
"Lcu.2RBY.Chr4_134179861",4,9.111
"Lcu.2RBY.Chr4_233469272",4,9.8464
"Lcu.2RBY.Chr4_233469459",4,10.3181
"Lcu.2RBY.Chr4_225939607",4,10.7989
"Lcu.2RBY.Chr4_224698462",4,11.2337
"Lcu.2RBY.Chr4_209096780",4,11.6574
"Lcu.2RBY.Chr4_184146450",4,13.3626
"Lcu.2RBY.Chr4_153486977",4,15.3908
"Lcu.2RBY.Chr4_134399976",4,16.0757
"Lcu.2RBY.Chr4_67371156",4,16.78
"Lcu.2RBY.Chr4_63150008",4,17.2074
"Lcu.2RBY.Chr4_78520872",4,17.624
"Lcu.2RBY.Chr4_74206959",4,18.1859
"Lcu.2RBY.Chr4_76050071",4,18.7477
"Lcu.2RBY.Chr4_55292499",4,19.3887
"Lcu.2RBY.Chr4_48758304",4,20.0737
"Lcu.2RBY.Chr4_28230007",4,22.348
"Lcu.2RBY.Chr4_18880919",4,23.0147
"Lcu.2RBY.Chr4_12676722",4,24.126
"Lcu.2RBY.Chr4_22270968",4,26.8072
"Lcu.2RBY.Chr4_22380061",4,27.4401
"Lcu.2RBY.Chr4_29369236",4,28.7062
"Lcu.2RBY.Chr4_254189827",4,34.5012
"Lcu.2RBY.Chr4_239057140",4,37.7846
"Lcu.2RBY.Chr4_272439396",4,38.3528
"Lcu.2RBY.Chr4_275054773",4,38.8158
"Lcu.2RBY.Chr4_276551698",4,39.2583
"Lcu.2RBY.Chr4_293432973",4,40.3223
"Lcu.2RBY.Chr4_298855823",4,40.746
"Lcu.2RBY.Chr4_304388871",4,41.5794
"Lcu.2RBY.Chr4_305886872",4,41.9893
"Lcu.2RBY.Chr4_310077623",4,42.5212
"Lcu.2RBY.Chr4_317933982",4,45.1323
"Lcu.2RBY.Chr4_323791438",4,46.4037
"Lcu.2RBY.Chr4_325551133",4,47.0288
"Lcu.2RBY.Chr4_330040544",4,47.449
"Lcu.2RBY.Chr4_343374074",4,48.3836
"Lcu.2RBY.Chr4_344368477",4,48.91
"Lcu.2RBY.Chr4_348920293",4,50.4256
"Lcu.2RBY.Chr4_353354429",4,51.0003
"Lcu.2RBY.Chr4_348704483",4,51.6333
"Lcu.2RBY.Chr4_348704238",4,52.2015
"Lcu.2RBY.Chr4_363866352",4,54.6726
"Lcu.2RBY.Chr4_370812891",4,55.2751
"Lcu.2RBY.Chr4_371144641",4,55.7296
"Lcu.2RBY.Chr4_372279446",4,56.1721
"Lcu.2RBY.Chr4_379946272",4,57.1824
"Lcu.2RBY.Chr4_379945974",4,57.6497
"Lcu.2RBY.Chr4_384027682",4,58.1042
"Lcu.2RBY.Chr4_388945420",4,59.0477
"Lcu.2RBY.Chr4_390478824",4,59.4751
"Lcu.2RBY.Chr4_389609120",4,59.9061
"Lcu.2RBY.Chr4_395950711",4,61.2763
"Lcu.2RBY.Chr4_400664091",4,62.6403
"Lcu.2RBY.Chr4_402019117",4,63.7516
"Lcu.2RBY.Chr4_402019459",4,64.2467
"Lcu.2RBY.Chr4_406913081",4,64.6931
"Lcu.2RBY.Chr4_413964880",4,65.7685
"Lcu.2RBY.Chr4_413790930",4,66.1996
"Lcu.2RBY.Chr4_414962079",4,67.0692
"Lcu.2RBY.Chr4_415887753",4,67.6012
"Lcu.2RBY.Chr4_416497598",4,68.0557
"Lcu.2RBY.Chr4_416660250",4,68.7407
"Lcu.2RBY.Chr4_420467951",4,70.8849
"Lcu.2RBY.Chr4_421976893",4,72.5805
"Lcu.2RBY.Chr4_422193184",4,73.407
"Lcu.2RBY.Chr4_422966899",4,76.4279
"Lcu.2RBY.Chr4_423468858",4,76.9041
"Lcu.2RBY.Chr4_424125594",4,77.5708
"Lcu.2RBY.Chr4_424201741",4,77.9806
"Lcu.2RBY.Chr4_429674183",4,78.5979
"Lcu.2RBY.Chr4_433806901",4,79.9316
"Lcu.2RBY.Chr4_433454294",4,80.4124
"Lcu.2RBY.Chr4_436598814",4,82.0258
"Lcu.2RBY.Chr4_434795462",4,82.5113
"Lcu.2RBY.Chr4_436740976",4,83.5424
"Lcu.2RBY.Chr4_441703481",4,85.7961
"Lcu.2RBY.Chr4_442725044",4,86.6583
"Lcu.2RBY.Chr4_442725056",4,87.1902
"Lcu.2RBY.Chr4_444702596",4,87.9839
"Lcu.2RBY.Chr4_444992204",4,88.4006
"Lcu.2RBY.Chr4_444118006",4,88.8173
"Lcu.2RBY.Chr4_444407485",4,89.2238
"Lcu.2RBY.Chr4_445510383",4,89.6303
"Lcu.2RBY.Chr4_447040911",4,91.3551
"Lcu.2RBY.Chr4_447041129",4,91.7753
"Lcu.2RBY.Chr4_449869660",4,92.6375
"Lcu.2RBY.Chr4_448120454",4,93.2257
"Lcu.2RBY.Chr4_452839551",4,95.2268
"Lcu.2RBY.Chr4_457861737",4,97.1027
"Lcu.2RBY.Chr4_457861450",4,97.6522
"Lcu.2RBY.Chr4_457078951",4,98.2016
"Lcu.2RBY.Chr4_457925194",4,98.6521
"Lcu.2RBY.Chr4_458622370",4,100.0038
"Lcu.2RBY.Chr4_464978253",4,102.1556
"Lcu.2RBY.Chr4_465670703",4,104.6577
"Lcu.2RBY.Chr4_466545041",4,105.9567
"Lcu.2RBY.Chr4_467669137",4,109.3326
"Lcu.2RBY.Chr4_467240471",4,109.7563
"Lcu.2RBY.Chr4_468520676",4,113.0321
"Lcu.2RBY.Chr4_469156108",4,113.9093
"Lcu.2RBY.Chr4_470762151",4,114.7498
"Lcu.2RBY.Chr4_473084879",4,115.4165
"Lcu.2RBY.Chr4_471591515",4,116.0832
"Lcu.2RBY.Chr4_471595764",4,116.6514
"Lcu.2RBY.Chr4_473953605",4,118.4378
"Lcu.2RBY.Chr4_473714604",4,118.8652
"Lcu.2RBY.Chr4_473953571",4,119.2819
"Lcu.2RBY.Chr4_475264834",4,120.6841
"Lcu.2RBY.Chr4_477117627",4,123.1553
"Lcu.2RBY.Chr4_475993130",4,123.7235
"Lcu.2RBY.Chr4_475992842",4,124.2791
"Lcu.2RBY.Chr4_478388251",4,125.708
"Lcu.2RBY.Chr4_479271760",4,127.5607
"Lcu.2RBY.Chr4_479400248",4,128.0237
"Lcu.2RBY.Chr4_481171545",4,129.2144
"Lcu.2RBY.Chr4_481920660",4,130.6232
"Lcu.2RBY.Chr6_2119104",5,0
"Lcu.2RBY.Chr6_3742769",5,1.429
"Lcu.2RBY.Chr6_4216303",5,1.9097
"Lcu.2RBY.Chr6_12260811",5,16.4052
"Lcu.2RBY.Chr6_16933195",5,21.3122
"Lcu.2RBY.Chr6_23458703",5,25.4886
"Lcu.2RBY.Chr6_28621534",5,26.7547
"Lcu.2RBY.Chr6_31500543",5,28.9065
"Lcu.2RBY.Chr6_41542865",5,29.5559
"Lcu.2RBY.Chr6_54682443",5,30.0105
"Lcu.2RBY.Chr6_56045680",5,30.5207
"Lcu.2RBY.Chr6_194553895",5,31.3404
"Lcu.2RBY.Chr6_113649389",5,32.7694
"Lcu.2RBY.Chr6_98460834",5,34.6221
"Lcu.2RBY.Chr6_157390562",5,38.6306
"Lcu.2RBY.Chr6_157390570",5,40.4607
"Lcu.2RBY.Chr6_155202750",5,49.948
"Lcu.2RBY.Chr6_149225682",5,59.1411
"Lcu.2RBY.Chr6_85845429",5,61.183
"Lcu.2RBY.Chr6_83540986",5,61.6733
"Lcu.2RBY.Chr6_161010672",5,62.2906
"Lcu.2RBY.Chr6_169463064",5,62.8008
"Lcu.2RBY.Chr6_104345667",5,63.311
"Lcu.2RBY.Chr6_140429946",5,65.1987
"Lcu.2RBY.Chr6_50870904",5,68.3945
"Lcu.2RBY.Chr6_56045684",5,69.9576
"Lcu.2RBY.Chr6_66807031",5,70.4478
"Lcu.2RBY.Chr6_83540877",5,70.8576
"Lcu.2RBY.Chr6_31248852",5,74.4351
"Lcu.2RBY.Chr6_113649383",5,78.0126
"Lcu.2RBY.Chr6_130778144",5,80.1266
"Lcu.2RBY.Chr6_130768117",5,80.6266
"Lcu.2RBY.Chr6_109936173",5,82.8339
"Lcu.2RBY.Chr6_197111046",5,83.475
"Lcu.2RBY.Chr6_213660909",5,84.0126
"Lcu.2RBY.Chr6_216891733",5,84.4512
"Lcu.2RBY.Chr6_226468346",5,85.0465
"Lcu.2RBY.Chr6_240035583",5,85.9316
"Lcu.2RBY.Chr6_242709607",5,86.3945
"Lcu.2RBY.Chr6_250504791",5,87.8235
"Lcu.2RBY.Chr6_253798822",5,96.0795
"Lcu.2RBY.Chr6_253798895",5,96.7375
"Lcu.2RBY.Chr6_253798829",5,97.3954
"Lcu.2RBY.Chr6_250504795",5,105.6514
"Lcu.2RBY.Chr6_265735133",5,106.1322
"Lcu.2RBY.Chr6_265329531",5,106.5524
"Lcu.2RBY.Chr6_271835066",5,107.4959
"Lcu.2RBY.Chr6_277620439",5,108.1716
"Lcu.2RBY.Chr6_277620473",5,108.7741
"Lcu.2RBY.Chr6_270344214",5,109.432
"Lcu.2RBY.Chr6_275548097",5,110.1363
"Lcu.2RBY.Chr6_276558505",5,110.5992
"Lcu.2RBY.Chr6_281022101",5,111.0266
"Lcu.2RBY.Chr6_283191566",5,111.4433
"Lcu.2RBY.Chr6_286362915",5,111.8634
"Lcu.2RBY.Chr6_294754771",5,112.2982
"Lcu.2RBY.Chr6_297633250",5,112.7115
"Lcu.2RBY.Chr6_298239092",5,113.1247
"Lcu.2RBY.Chr6_301312033",5,114.375
"Lcu.2RBY.Chr6_307300673",5,114.8098
"Lcu.2RBY.Chr6_311791507",5,115.378
"Lcu.2RBY.Chr6_313676017",5,116.6128
"Lcu.2RBY.Chr6_318694170",5,117.1942
"Lcu.2RBY.Chr6_323082086",5,117.6407
"Lcu.2RBY.Chr6_324739528",5,118.2289
"Lcu.2RBY.Chr6_324811813",5,118.8172
"Lcu.2RBY.Chr6_326982002",5,119.6945
"Lcu.2RBY.Chr6_327636161",5,120.137
"Lcu.2RBY.Chr6_330298924",5,120.7052
"Lcu.2RBY.Chr6_335441158",5,121.3004
"Lcu.2RBY.Chr6_339111944",5,121.8957
"Lcu.2RBY.Chr6_337157661",5,122.3124
"Lcu.2RBY.Chr6_341427076",5,123.6401
"Lcu.2RBY.Chr6_344474427",5,124.0866
"Lcu.2RBY.Chr6_348633337",5,125.587
"Lcu.2RBY.Chr6_348457408",5,126.1684
"Lcu.2RBY.Chr6_357253222",5,127.2103
"Lcu.2RBY.Chr6_358594665",5,128.7259
"Lcu.2RBY.Chr6_359624806",5,130.5616
"Lcu.2RBY.Chr6_368449014",5,132.7181
"Lcu.2RBY.Chr6_370429497",5,135.0727
"Lcu.2RBY.Chr6_372675469",5,136.8126
"Lcu.2RBY.Chr6_372675345",5,137.2512
"Lcu.2RBY.Chr6_372675522",5,137.8536
"Lcu.2RBY.Chr6_376320932",5,138.2847
"Lcu.2RBY.Chr6_382316230",5,139.6549
"Lcu.2RBY.Chr6_384164002",5,140.3494
"Lcu.2RBY.Chr6_384378362",5,142.5897
"Lcu.2RBY.Chr6_392949986",5,144.5137
"Lcu.2RBY.Chr6_392950256",5,145.5448
"Lcu.2RBY.Chr6_393909243",5,146.055
"Lcu.2RBY.Chr6_396649275",5,147.3374
"Lcu.2RBY.Chr6_395860255",5,147.8528
"Lcu.2RBY.Chr6_397830282",5,149.3239
"Lcu.2RBY.Chr6_398556293",5,150.3341
"Lcu.2RBY.Chr6_400560595",5,150.8604
"Lcu.2RBY.Chr6_401863666",5,153.0596
"Lcu.2RBY.Chr6_404509467",5,156.4432
"Lcu.2RBY.Chr6_404369298",5,157.0842
"Lcu.2RBY.Chr6_407807865",5,158.7153
"Lcu.2RBY.Chr6_407088378",5,159.2416
"Lcu.2RBY.Chr6_411483579",5,166.6482
"Lcu.2RBY.Chr6_411970464",5,167.2297
"Lcu.2RBY.Chr6_411926774",5,167.6498
"Lcu.2RBY.Chr6_412792065",5,168.0772
"Lcu.2RBY.Chr6_413496086",5,168.4974
"Lcu.2RBY.Chr6_413140291",5,169.3308
"Lcu.2RBY.Chr6_414233429",5,170.3309
"Lcu.2RBY.Chr6_414317631",5,170.9334
"Lcu.2RBY.Chr6_415231241",5,172.9615
"Lcu.2RBY.Chr6_415230949",5,173.5297
"Lcu.2RBY.Chr6_415887129",5,176.0009
"Lcu.2RBY.Chr6_416316806",5,176.6338
"Lcu.2RBY.Chr6_418640858",5,178.8282
"Lcu.2RBY.Chr6_418886736",5,179.2381
"Lcu.2RBY.Chr6_419298084",5,180.5371
"Lcu.2RBY.Chr6_419250663",5,181.0865
"Lcu.2RBY.Chr7_276763",6,0
"Lcu.2RBY.Chr7_490282",6,0.8404
"Lcu.2RBY.Chr7_469096",6,1.4898
"Lcu.2RBY.Chr7_490116",6,2.1392
"Lcu.2RBY.Chr7_671831",6,3.4
"Lcu.2RBY.Chr7_1585815",6,6.4472
"Lcu.2RBY.Chr7_2092910",6,7.8237
"Lcu.2RBY.Chr7_3561412",6,14.3308
"Lcu.2RBY.Chr7_4127655",6,15.9103
"Lcu.2RBY.Chr7_4750035",6,17.3125
"Lcu.2RBY.Chr7_4351890",6,17.767
"Lcu.2RBY.Chr7_4317651",6,18.1736
"Lcu.2RBY.Chr7_4946269",6,21.0614
"Lcu.2RBY.Chr7_7134893",6,29.3558
"Lcu.2RBY.Chr7_6839650",6,29.8145
"Lcu.2RBY.Chr7_7602623",6,30.4556
"Lcu.2RBY.Chr7_8102425",6,31.0967
"Lcu.2RBY.Chr7_8392079",6,31.5431
"Lcu.2RBY.Chr7_9736494",6,34.6722
"Lcu.2RBY.Chr7_12678371",6,38.9509
"Lcu.2RBY.Chr7_12525961",6,39.7913
"Lcu.2RBY.Chr7_12524290",6,40.3015
"Lcu.2RBY.Chr7_13450265",6,41.4381
"Lcu.2RBY.Chr7_14393456",6,41.9332
"Lcu.2RBY.Chr7_16115317",6,43.2322
"Lcu.2RBY.Chr7_22019829",6,45.2134
"Lcu.2RBY.Chr7_23452016",6,45.6679
"Lcu.2RBY.Chr7_21925752",6,46.3009
"Lcu.2RBY.Chr7_21925744",6,48.9349
"Lcu.2RBY.Chr7_24575002",6,49.6199
"Lcu.2RBY.Chr7_27427362",6,51.1203
"Lcu.2RBY.Chr7_31178036",6,51.537
"Lcu.2RBY.Chr7_43868988",6,52.1949
"Lcu.2RBY.Chr7_48723517",6,52.8529
"Lcu.2RBY.Chr7_90642305",6,55.1533
"Lcu.2RBY.Chr7_167463594",6,62.6722
"Lcu.2RBY.Chr7_167463591",6,70.8525
"Lcu.2RBY.Chr7_84169509",6,83.3273
"Lcu.2RBY.Chr7_474013226",6,88.1812
"Lcu.2RBY.Chr7_121771454",6,93.198
"Lcu.2RBY.Chr7_145132200",6,93.9022
"Lcu.2RBY.Chr7_422530116",6,94.4342
"Lcu.2RBY.Chr7_417794284",6,95.1191
"Lcu.2RBY.Chr7_413961758",6,95.9964
"Lcu.2RBY.Chr7_436809863",6,97.0835
"Lcu.2RBY.Chr7_450647647",6,97.5073
"Lcu.2RBY.Chr7_458744954",6,98.0629
"Lcu.2RBY.Chr7_454140530",6,99.5125
"Lcu.2RBY.Chr7_454140536",6,100.0873
"Lcu.2RBY.Chr7_454140533",6,100.662
"Lcu.2RBY.Chr7_466080185",6,102.4275
"Lcu.2RBY.Chr7_472887387",6,105.1182
"Lcu.2RBY.Chr7_473110140",6,105.8127
"Lcu.2RBY.Chr7_474898168",6,107.0034
"Lcu.2RBY.Chr7_481384961",6,108.6707
"Lcu.2RBY.Chr7_481531430",6,109.4972
"Lcu.2RBY.Chr7_486982810",6,110.8674
"Lcu.2RBY.Chr7_486711048",6,111.8109
"Lcu.2RBY.Chr7_489491566",6,113.8669
"Lcu.2RBY.Chr7_489783793",6,114.4164
"Lcu.2RBY.Chr7_489784151",6,114.8668
"Lcu.2RBY.Chr7_492355226",6,115.5711
"Lcu.2RBY.Chr7_493552679",6,116.9413
"Lcu.2RBY.Chr7_494459987",6,117.4043
"Lcu.2RBY.Chr7_498672886",6,119.4053
"Lcu.2RBY.Chr7_499094050",6,120.582
"Lcu.2RBY.Chr7_499311666",6,121.0094
"Lcu.2RBY.Chr7_500478934",6,121.5841
"Lcu.2RBY.Chr7_505202055",6,122.5276
"Lcu.2RBY.Chr7_507395885",6,123.5379
"Lcu.2RBY.Chr7_506881635",6,123.9966
"Lcu.2RBY.Chr7_508161557",6,124.4203
"Lcu.2RBY.Chr7_508506154",6,124.837
"Lcu.2RBY.Chr7_516215970",6,125.6568
"Lcu.2RBY.Chr7_516216348",6,126.3325
"Lcu.2RBY.Chr7_515510967",6,127.3965
"Lcu.2RBY.Chr7_515545383",6,127.8202
"Lcu.2RBY.Chr7_515542853",6,128.2707
"Lcu.2RBY.Chr7_516819335",6,129.2054
"Lcu.2RBY.Chr7_518595316",6,130.6983
"Lcu.2RBY.Chr7_519781435",6,131.2192
"Lcu.2RBY.Chr7_520497124",6,133.2822
"Lcu.2RBY.Chr7_521278015",6,134.0176
"Lcu.2RBY.Chr7_521059011",6,134.4413
"Lcu.2RBY.Chr7_522052546",6,135.2226
"Lcu.2RBY.Chr7_525429602",6,135.7381
"Lcu.2RBY.Chr7_522052604",6,136.2483
"Lcu.2RBY.Chr7_497844487",6,136.9241
"Lcu.2RBY.Chr7_527059203",6,139.7843
"Lcu.2RBY.Chr7_527080519",6,140.4693
"Lcu.2RBY.Chr7_527195825",6,141.821
"Lcu.2RBY.Chr7_527256138",6,142.8521
"Lcu.2RBY.Chr7_527909513",6,147.4101
"Lcu.2RBY.Chr7_527974735",6,147.9003
"Lcu.2RBY.Chr7_528301899",6,150.6303
"Lcu.2RBY.Chr7_528359785",6,151.047
"Lcu.2RBY.Chr7_528951451",6,151.5278
