"Name","numMajor","numMinors","numHet","numHomo","numMiss","Het","MAF","MCF"
"X3156.11_AGL",255568,75886,7635,316214,12518,0.0235758023029251,0.2350518595413,0.0372153035226404
"CDC_Asterix_AGL",261523,92132,8379,321900,6088,0.0253694603653275,0.266056502980383,0.0180992784666748
"CDC_Cherie_AGL",250116,75886,25823,304950,5594,0.0780686452642749,0.252391103531585,0.0166306445043658
"CDC_Glamis_AGL",264146,92132,3665,323176,9526,0.0112134034591743,0.261053833523641,0.0283202573379672
"CDC_Gold_AGL",264842,75886,4897,324604,6866,0.0148618668835603,0.226645931283906,0.0204122283101493
"CDC_Greenstar_AGL",262969,92132,7558,319545,9264,0.0231058718507626,0.264466068676084,0.0275413462081595
"CDC_Imax_AGL",244623,75886,5875,307121,23371,0.0187702079259799,0.2415054046767,0.0694806565447859
"CDC_Impower_AGL",243753,0,3819,296396,36152,0.0127208833669204,0.00771290776016674,0.107477844140478
"CDC_KR.1_AGL",258950,75886,5460,319742,11165,0.0167895646398239,0.231022404024731,0.0331929113141301
"CDC_LeMay_AGL",258051,0,12626,316138,7603,0.038404448175591,0.0233230012154708,0.0226032874806387
"CDC_Maxim_AGL",219172,75886,12467,269370,54530,0.0442347881931755,0.267033574506138,0.162114595070266
"CDC_Redcoat_AGL",236394,92132,7709,293482,35176,0.0255950543010913,0.285474444956652,0.104576251534782
"CDC_Red_Rider_AGL",243803,92132,4828,303700,27839,0.0156484986775917,0.277453831548613,0.082763766956925
"CDC_Redwing_AGL",240955,92132,7923,321725,6719,0.02403472795224,0.281790856573121,0.0199752056533489
"CDC_Robin_AGL",256361,92132,9714,317140,9513,0.0297196913606687,0.270762436244964,0.0282816090758011
"CDC_Rosebud_AGL",227093,92132,8559,279327,48481,0.0297305183301724,0.294131196153565,0.144131261390089
"CDC_Rosetown_AGL",214859,92132,8170,267605,60592,0.0296256005801831,0.305294754109804,0.180136577012608
"CDC_Rosie_AGL",245251,92132,8864,305043,22460,0.0282376627472468,0.278887614910743,0.0667723052499205
"CDC_Rouleau_AGL",233012,75886,6947,291959,37461,0.0232414203796511,0.251260903291171,0.111369426846272
"CDC_Royale_AGL",247062,92132,15465,299079,21823,0.0491664123302304,0.281578925108343,0.0648785404037852
"CDC_Ruby_AGL",214347,75886,9166,266184,61017,0.0332885418558199,0.268768432760296,0.181400077891113
"CDC_Sedley_AGL",223244,0,4740,278729,52898,0.0167214051624693,0.0103954663485157,0.157262751696807
"CDC_Vantage_AGL",238054,92132,4685,290945,40737,0.0158475120928187,0.282122070886998,0.121108788912111
"CN_105604_AGL",225111,92132,15205,292351,28811,0.0494381511009377,0.300000300798922,0.0856534677896464
"CN_105605_AGL",219318,0,43769,278241,14357,0.13592435017546,0.0831835096374963,0.0426825461475115
"CN_105715_AGL",183901,0,10338,249235,76794,0.0398269465622388,0.0266115455701481,0.228304203444452
"CN_105732_AGL",221357,0,7541,272153,56673,0.0269616080430756,0.0164724025548498,0.168485612441173
"CN_105767_AGL",253271,75886,12048,316164,8155,0.0367079814266389,0.240060960419689,0.0242443521510731
"CN_105777_AGL",199213,0,12072,274251,50044,0.0421621734893809,0.0285680478973898,0.148777971679743
"CN_105789_AGL",206549,0,13107,300293,22967,0.0418219527760051,0.0298352879047237,0.0682795874743955
"CN_105791_AGL",203213,0,12452,280768,43147,0.0424664074756156,0.0288688475181416,0.128273582129044
"CN_105862_AGL",234663,75886,12170,312091,12106,0.0375314946910051,0.254001158902947,0.0359904509063017
"CN_105863_AGL",181331,0,130785,201554,4028,0.393528896698853,0.209513450127517,0.0119750153849813
"CN_105864_AGL",244773,75886,11924,311616,12827,0.0368547938431106,0.246097966522642,0.0381339429848945
"CN_105865_AGL",234796,75886,11662,312348,12357,0.0359927162741891,0.253508673963219,0.0367366596604304
"CN_105866_AGL",230031,75886,12089,307269,17009,0.0378540697273906,0.257638220662503,0.050566791629381
"CN_105895_AGL",212386,0,13013,310504,12850,0.0402235431213816,0.0288665876955976,0.0382023206794959
"CN_106265_AGL",241409,0,24930,294790,16647,0.0779744776679595,0.0468012570445935,0.0494905861752193
"CN_108369_AGL",244361,92132,7006,301098,28263,0.0227390751174928,0.278414202079191,0.0840242948921862
"CN_108370_AGL",250871,75886,8619,306450,21298,0.0273559125144016,0.239121165497829,0.0633177452009264
"Crimson_AGL",232684,75886,23745,288602,24020,0.0760212199893068,0.26408227133894,0.0714100967098437
"DPL_62_AGL",238578,92132,17796,311395,7176,0.0540598011488771,0.289894578572535,0.0213338407156469
"Eston_AGL",264654,92132,9024,322771,4572,0.0271975165388267,0.264191793554031,0.0135922965094673
"Gudo_AGL",240102,92132,12105,317591,6671,0.0367156410754149,0.285139063539129,0.0198325043776589
"IG_1046_AGL",234178,75886,13886,300277,22204,0.0441999853579193,0.255684519215928,0.0660112317795741
"IG_1706_AGL",219710,0,12370,282859,41138,0.0418996778771733,0.026650293002413,0.122300939152771
"IG_1959_AGL",228385,92132,14924,306479,14964,0.0464339162982299,0.296904671760459,0.0444871226963406
"IG_4258_AGL",240780,92132,14525,314367,7475,0.0441634335891417,0.286079202848286,0.0222227507454655
"IG_4781_AGL",221104,92132,15345,296947,24075,0.0491367053911083,0.303743977892818,0.0715736085882384
"IG_858_AGL",220758,92132,27609,280172,28586,0.0897033929969686,0.311121324879075,0.0849845555598498
"ILL_10657_AGL",238854,75886,12555,312961,10851,0.0385695326804212,0.251038054354634,0.0322594071356584
"ILL_10748_AGL",249470,75886,10947,308232,17188,0.0342973691878225,0.241923206156353,0.0510989484699748
"ILL_11547_AGL",232171,75886,17344,307590,11433,0.0533769934817532,0.259857836945799,0.033989660103399
"ILL_11548_AGL",247439,75886,11289,312386,12692,0.034877577817255,0.243655376045234,0.0377325956470165
"ILL_11553_AGL",253165,92132,9630,313052,13685,0.0298436231336114,0.273146308959307,0.0406847282878523
"ILL_11555_AGL",208413,92132,13216,270492,52659,0.0465831065743652,0.314698130105399,0.156552218261601
"ILL_11557_AGL",215529,0,14984,273826,47557,0.0518818600463973,0.0325014207441663,0.141384261833057
"ILL_11558_AGL",220900,92132,15092,288375,32900,0.0497319313137837,0.303781497238849,0.0978098327124837
"ILL_1220_AGL",213781,0,11918,268882,55567,0.0424430199430199,0.0264024209234423,0.165197537213817
"ILL_1553_AGL",229258,75886,13001,292375,30991,0.0425737451535157,0.258958965251693,0.0921344840605648
"ILL_1762_AGL",235713,92132,15389,309964,11014,0.0472993948111743,0.290840942330888,0.0327439968843555
"ILL_1983_AGL",225478,92132,14366,290778,31223,0.0470794116875967,0.299163192519941,0.0928242068930662
"ILL_213_AGL",217508,92132,13576,285761,37030,0.0453535647113454,0.306049205484877,0.110088088308306
"ILL_2194_AGL",228657,75886,12749,313767,9851,0.0390455597888005,0.25925803360942,0.0292864638921178
"ILL_2507_AGL",232393,92132,14822,300972,20573,0.0469356605888649,0.293336908827837,0.0611623613493595
"ILL_2580_AGL",201596,92132,13564,277069,45734,0.046670543262465,0.321889277950614,0.135964586300083
"ILL_28_AGL",203102,75886,10950,260980,64437,0.0402677159563123,0.280615166001007,0.191567543784022
"ILL_3025_AGL",192599,92132,12395,246955,77017,0.0477925583188741,0.330935360756043,0.228967169787762
"ILL_313_AGL",225704,0,10680,284117,41570,0.0362283198268639,0.0225903614457831,0.12358525063398
"ILL_3347_AGL",222088,0,14166,286971,35230,0.0470417119118541,0.0299804447755382,0.104736790469933
"ILL_358_AGL",219990,92132,11954,299626,24787,0.0383657487643623,0.302734543748997,0.0736903441776393
"ILL_3597_AGL",227346,92132,14696,293711,27960,0.0476513179013447,0.29768922776757,0.0831234930893934
"ILL_4164_AGL",237597,92132,13652,307823,14892,0.0424667548020841,0.288187174013705,0.0442730707828057
"ILL_4400_AGL",213063,0,8879,270221,57267,0.031812970261555,0.0200029737498986,0.170251540727836
"ILL_4605_AGL",245998,75886,10634,311741,13992,0.0329864288483908,0.244206328679951,0.0415974218636192
"ILL_4609_AGL",198112,0,14436,251583,70348,0.0542668004916942,0.0339593879970642,0.20914061129659
"ILL_4665_AGL",226198,75886,49845,269520,17002,0.156075336996853,0.286445561462681,0.0505459810266762
"ILL_4671_AGL",243337,75886,11967,317771,6629,0.0362924503696875,0.247197983030889,0.0197076407614302
"ILL_4768_AGL",195046,0,12092,283122,41153,0.0409601170676187,0.029188270621518,0.122345533301424
"ILL_4782_AGL",228520,92132,12646,291260,32461,0.0416115509400933,0.295396312009073,0.0965047106285694
"ILL_4783_AGL",255823,92132,6821,314786,14760,0.0212091154732329,0.269303729677318,0.0438806422746583
"ILL_4804_AGL",242868,75886,11947,307113,17307,0.0374443678305021,0.247533270235046,0.0514527287159561
"ILL_4875_AGL",232535,92132,15018,307469,13880,0.046569319073327,0.293333529593594,0.0412644522203427
"ILL_4956_AGL",257773,92132,9526,316898,9943,0.0291829032179006,0.269578862146003,0.0295599746705236
"ILL_5058_AGL",217302,75886,10006,277255,49106,0.0348324346152106,0.266789580268739,0.145989350917302
"ILL_5151_AGL",212216,92132,11996,298741,25630,0.0386049939337768,0.310200288293756,0.076196535331944
"ILL_5209_AGL",216890,92132,13146,307765,15456,0.0409646288223215,0.306377417993097,0.0459498107721625
"ILL_5480_AGL",252631,92132,6483,312211,17673,0.0203423974094272,0.271529070793689,0.0525408259430919
"ILL_5639_AGL",236769,92132,11559,297412,27396,0.0374112780811144,0.287585913176291,0.0814467531000366
"ILL_5722_AGL",229683,0,11152,295224,29991,0.0363997179935765,0.0231527809496128,0.0891615408170243
"ILL_5883_AGL",220362,92132,12344,312314,11709,0.0380215488298456,0.302624692923857,0.0348101924386162
"ILL_5888_AGL",249272,75886,12824,320446,3097,0.0384793110691031,0.243498174458995,0.00920720522524504
"ILL_5945_AGL",175998,0,12112,254414,69841,0.0454439716950691,0.0321939290840466,0.207633329072115
"ILL_6002_AGL",253202,75886,7313,313165,15889,0.0228190390604035,0.236451437421411,0.0472370951966156
"ILL_6182_AGL",250998,75886,11534,319711,5122,0.0348201482286525,0.241278537193648,0.0152274152934146
"ILL_618_AGL",241146,92132,14620,315197,6550,0.044327611978764,0.285836653271936,0.0194727782451905
"ILL_6211_AGL",249685,75886,9632,309828,16907,0.0301508796093408,0.240755601829339,0.0502635514185399
"ILL_624_AGL",259724,92132,9611,317422,9334,0.0293884714998181,0.268178007950933,0.0277494522352074
"ILL_6821_AGL",199744,92132,12427,285752,38188,0.0416763085260867,0.323182814497392,0.113530756584326
"ILL_6853_AGL",217820,75886,11685,285056,39626,0.0393777738836224,0.267619216021428,0.117805848968537
"ILL_7089_AGL",248970,92132,12903,315984,7480,0.0392323199153509,0.278480529936018,0.0222376154616832
"ILL_7558_AGL",222994,75886,10466,286106,39795,0.035289912736199,0.26222740879145,0.118308276376696
"ILL_7663_AGL",234468,75886,14179,301045,21143,0.0449807121285181,0.255676618402443,0.0628569389981776
"ILL_7668_AGL",230857,92132,15728,307015,13624,0.0487322730469755,0.295219903341137,0.0405033787499963
"ILL_7716_AGL",253076,75886,10703,322159,3505,0.0321544664155115,0.239169475807045,0.0104201660686096
"ILL_7747_AGL",238201,0,22834,307038,6495,0.0692207886695446,0.0437374298465723,0.0193092663667958
"ILL_7946_AGL",220649,92132,12469,312598,11300,0.0383582461461791,0.302433512682552,0.0335942586520081
"ILL_7978_AGL",226100,75886,12798,306443,17126,0.040088835707193,0.261401468943784,0.0509146259888752
"ILL_7979_AGL",202032,0,13568,261059,61740,0.0494051932257207,0.0314656771799629,0.183549515856193
"ILL_8007_AGL",194834,92132,12577,251365,72425,0.0476506202120163,0.328568853219738,0.215315414413423
"ILL_8009_AGL",239645,92132,17430,312914,6023,0.0527631802000339,0.288788598166703,0.0179060371558447
"ILL_8010_AGL",229855,92132,14584,302680,19103,0.0459680266276665,0.295402753059533,0.0567921347813549
"ILL_8072_AGL",222710,75886,10002,286461,39904,0.0337377682881169,0.262111225607425,0.118632327190242
"ILL_8174_AGL",234782,92132,6547,288721,41099,0.0221730766625574,0.286106921049238,0.122184994366273
"ILL_8595_AGL",253649,92132,6633,314121,15613,0.0206793991657158,0.270841964280647,0.0464165628613984
"ILL_975_AGL",216228,92132,12352,305625,18390,0.0388455768813468,0.306530469704907,0.0546724262487105
"ILL_9888_AGL",227279,92132,13174,315723,7470,0.0400550932358763,0.296823368462198,0.0222078860292478
"ILL_9932_AGL",238951,92132,14720,306731,14916,0.045792360266417,0.287712946388551,0.0443444214206507
"ILL_9945_AGL",238369,92132,14791,316780,4796,0.0446088469739513,0.288241546285463,0.0142582357960204
"ILL_9977_AGL",237300,92132,15844,310460,10063,0.0485559478277925,0.289779770386589,0.0299167278597484
"ILL_9997_AGL",219499,92132,14876,284947,36544,0.0496159400713087,0.304955177071242,0.108643237891945
"ILL_9_AGL",232520,92132,12190,306416,17761,0.0382604219631771,0.291611497378593,0.0528024449485235
"ILWL_118_AGL",225092,92132,27610,285293,23464,0.0882382080069542,0.307211585864503,0.0697571402664352
"Indianhead_AGL",250139,75886,8886,304079,23402,0.0283929512884827,0.239851781518075,0.0695728177853357
"IPL_220_AGL",237230,92132,15790,308718,11859,0.0486582765293922,0.289805650843686,0.0352561339251472
"Laird_AGL",269280,75886,2979,327744,5644,0.0090075380303154,0.222250786310302,0.0167792916665428
"LIRL.22.46_AGL",245454,75886,12487,313160,10720,0.0383452020132229,0.24602413825125,0.0318699515707546
"PI_163589_AGL",243004,75886,11638,318350,6379,0.0352679491375444,0.247195396456579,0.0189644049505451
"PI_169534_LSP_AGL",257765,92132,11138,316733,8496,0.0339706774920624,0.270613652415971,0.0252581257971204
"PI_175754_LSP_AGL",214972,75886,81587,243144,11636,0.251244876528573,0.31327981312677,0.0345931675818377
"PI_177430_LSP_AGL",236805,92132,14278,309814,12275,0.044055391678906,0.289238523957286,0.0364928783144601
"PI_178939_LSP_AGL",250228,92132,10351,306458,19558,0.0326726829098921,0.275884506012004,0.0581448239571658
"PI_178952_AGL",245317,92132,12985,312889,10493,0.0398466892111675,0.281435305934926,0.0311950934544709
"PI_178971_LSP_AGL",214346,92132,14732,281792,39843,0.0496823191377426,0.30975997011301,0.118450977652386
"PI_179324_LSP_AGL",236564,75886,13391,304148,18828,0.0421711978686083,0.253441095503635,0.0559745753893812
"PI_179330_AGL",240667,92132,12810,306661,16896,0.0400975362395961,0.285111209488179,0.0502308490428609
"PI_181771_LSP_AGL",221671,92132,14967,292444,28956,0.0486872623295848,0.302994494631505,0.0860845445599598
"PI_181886_LSP_AGL",233365,92132,11732,304622,20013,0.0370850376476985,0.290597783701876,0.0594975131329768
"PI_182217_LSP_AGL",231666,92132,12605,297925,25837,0.0405918912826458,0.29260886496256,0.0768119345833569
"PI_193546_AGL",220258,0,12658,282567,41142,0.0428757727157253,0.0271728863624654,0.122312830925745
"PI_193547_LSP_AGL",222731,92132,15961,294035,26371,0.0514877611324017,0.302615590162745,0.0783994862754075
"PI_193548_LSP_AGL",181139,0,11563,262688,62116,0.0421621069749974,0.0300022833182842,0.184667342515764
"PI_193550_AGL",179846,92132,132276,203600,491,0.393823911205326,0.391511277563116,0.0014597151325784
"PI_207492_LSP_AGL",234398,92132,15820,310976,9571,0.0484094052558783,0.292221410836863,0.0284540397839265
"PI_209858_LSP_AGL",218835,92132,12840,313772,9755,0.0393127013091987,0.304354136877832,0.0290010613407379
"PI_211052_LSP_AGL",217112,0,14418,285500,36449,0.0480731399915977,0.0311363538202393,0.108360808283809
"PI_212100_LSP_AGL",211474,92132,14587,277595,44185,0.0499243622125935,0.312469161798028,0.131359497215839
"PI_212610_LSP_AGL",221481,92132,14546,290460,31361,0.0476908650977358,0.302917183438516,0.0932344730606748
"PI_217949_LSP_AGL",237161,92132,15694,309848,10825,0.0482088332688255,0.289805123091595,0.0321821106113263
"PI_238758_LSP_AGL",259921,75886,7880,322391,6096,0.0238591944191285,0.232263658503231,0.0181230620126231
"PI_244046_AGL",194919,0,12130,283796,40441,0.0409899772240357,0.0292925829151553,0.120228797712023
"PI_250156_LSP_AGL",229522,92132,15049,295832,25486,0.0484075900424921,0.295977463818261,0.0757684315048741
"PI_250158_LSP_AGL",232756,92132,16083,303498,16786,0.0503252696499479,0.293788914599775,0.0499038252860715
"PI_251248_LSP_AGL",203583,0,12897,297826,25644,0.041506422118736,0.0297879711751663,0.0762381565373536
"PI_273664_LSP_AGL",236490,0,15786,307093,13488,0.0488913803623029,0.0312871616800647,0.0400990584688748
"PI_280686_AGL",209371,92132,12499,289748,34120,0.0413535949074763,0.313314883344692,0.101436823469603
"PI_283604_LSP_AGL",243630,75886,12077,316875,7415,0.0367135630730319,0.247063418105931,0.0220443741508531
"PI_289066_AGL",210929,92132,12332,300655,23380,0.0394009974855186,0.311668299550085,0.0695074130339778
"PI_289073_LSP_AGL",260270,92132,9154,322276,4937,0.0276197085357391,0.267480003097722,0.0146774207933596
"PI_289079_LSP_AGL",260359,92132,9332,321752,5283,0.0281862004808447,0.26752859823726,0.0157060591556247
"PI_290716_LSP_AGL",236265,92132,16076,315864,4427,0.0484304392360065,0.290792021435642,0.013161219739154
"PI_297285_LSP_AGL",230145,75886,61688,264274,10405,0.189249053570662,0.290248804114011,0.0309334744490393
"PI_297287_AGL",221096,0,8582,278036,49749,0.0299422925287316,0.0186826774876131,0.147900953422898
"PI_297754_LSP_AGL",254157,92132,9665,311419,15283,0.0301011573295462,0.272407389718896,0.04543549159103
"PI_297767_AGL",215593,75886,10986,286509,38872,0.036928351737004,0.269052617658241,0.115564249762908
"PI_297772_LSP_AGL",222622,92132,13076,286305,36986,0.043676786436013,0.300979166031175,0.10995727880559
"PI_297783_AGL",204535,0,12995,299647,23725,0.0415651128127379,0.0298694432951777,0.0705330784529992
"PI_297787_LSP_AGL",236569,92132,15326,312327,8714,0.0467750943833873,0.290078976359414,0.0259062274242122
"PI_298023_LSP_AGL",247262,75886,13072,313900,9395,0.0399789584429248,0.245143061090952,0.0279308017730634
"PI_298121_LSP_AGL",251566,92132,14386,316524,5457,0.043474056389955,0.277379050725528,0.0162233512800007
"PI_298122_LSP_AGL",259840,92132,9362,321159,5846,0.0283249778380194,0.267932162486785,0.017379826201738
"PI_298357_LSP_AGL",242197,92132,13483,308874,14010,0.041826298172523,0.284272825549435,0.0416509348420029
"PI_298631_LSP_AGL",238754,75886,11389,306517,18461,0.0358250552049977,0.250224673265262,0.0548835052190019
"PI_298644_LSP_AGL",250188,75886,10446,319346,6575,0.0316745099941781,0.241022821823369,0.019547101826279
"PI_298645_AGL",237494,75886,13343,299297,23727,0.0426784800409417,0.252683465810488,0.0705390243394863
"PI_298921_AGL",200168,75886,81186,228859,26322,0.261852311761196,0.326052513716269,0.078253812056474
"PI_298922_LSP_AGL",233083,75886,10924,293210,32233,0.0359183780833448,0.25429753073684,0.0958268795690422
"PI_298923_LSP_AGL",249619,75886,12948,317934,5485,0.0391317750738934,0.24334250250404,0.0163065936908198
"PI_299116_LSP_AGL",254166,75886,10491,314302,11574,0.032300572980329,0.238241573017211,0.0344088451007382
"PI_299120_LSP_AGL",246863,75886,11565,308805,15997,0.0360988856634516,0.244286808210245,0.047558173066918
"PI_299121_LSP_AGL",228024,75886,10623,285907,39837,0.0358243685293225,0.258152562688176,0.118433139992924
"PI_299126_LSP_AGL",251675,75886,10978,316236,9153,0.0335499092337125,0.240371124154086,0.0272113495081265
"PI_299163_LSP_AGL",233318,75886,13885,297220,25262,0.0446312338278073,0.25636434542804,0.0751024922183211
"PI_299164_LSP_AGL",243281,75886,9628,307854,18885,0.0303261287254081,0.245441688590155,0.056144033154263
"PI_299165_AGL",242132,75886,10568,309764,16035,0.0329907720739733,0.247028175272227,0.0476711449101725
"PI_299177_LSP_AGL",241142,92132,9872,309382,17113,0.0309220871155882,0.282876676400133,0.0508759777267092
"PI_299237_LSP_AGL",213007,75886,12560,279898,43909,0.0429463375937741,0.272566536076934,0.130538964880621
"PI_299289_AGL",250755,92132,13542,313775,9050,0.0413727365214761,0.277483033086533,0.0269051363540419
"PI_299312_AGL",230870,75886,9541,296981,29845,0.0311266401759091,0.255002418612886,0.0887274911034673
"PI_299345_AGL",244154,75886,9845,315812,10710,0.0302311941705537,0.24495960713582,0.0318402221383192
"PI_299351_LSP_AGL",227573,92132,15485,307623,13259,0.0479251519615732,0.297963841403383,0.039418254466104
"PI_299366_LSP_AGL",231625,0,11395,297237,27735,0.036920993286503,0.0234445724631718,0.0824545808595968
"PI_299375_LSP_AGL",219604,75886,64209,263984,8174,0.195644026533168,0.300224632261975,0.0243008380727004
"PI_300250_LSP_AGL",238186,92132,14151,309286,12930,0.0437519516938384,0.288001242492067,0.0384401561389792
"PI_302398_LSP_AGL",237214,75886,13931,307415,15021,0.0433520255425616,0.253344484162052,0.0446565804612224
"PI_308614_LSP_AGL",241308,92132,14455,313315,8597,0.0441010464655094,0.285601977608186,0.025558393064718
"PI_311107_LSP_AGL",237269,75886,11605,310234,14528,0.0360584018717433,0.2515349796773,0.0431909194421569
"PI_312175_LSP_AGL",225020,0,34879,263013,38475,0.117086058034455,0.067101066183402,0.114383991295222
"PI_320935_LSP_AGL",238556,0,13950,306155,16262,0.0435794504928071,0.0276231059856003,0.0483460030264562
"PI_320936_LSP_AGL",261958,75886,9608,321912,4847,0.0289816602316602,0.232233517147692,0.014409855901441
"PI_320937_LSP_AGL",263314,75886,9323,322660,4384,0.0280827632740231,0.231111002717181,0.0130333831796817
"PI_320941_LSP_AGL",235946,92132,15570,312978,7819,0.0473903356587165,0.290753910978676,0.0232454432212435
"PI_320945_LSP_AGL",245267,75886,11195,308340,16832,0.0350352856494594,0.245175238003538,0.0500405806752743
"PI_320946_LSP_AGL",229987,75886,12619,315340,8408,0.0384773706469406,0.258077125956068,0.0249965067916888
"PI_320952_LSP_AGL",263217,75886,9602,321986,4779,0.0289576221093646,0.231390430306419,0.0142076957608802
"PI_320953_LSP_AGL",256013,75886,11446,313923,10998,0.0351785203876214,0.237688039726805,0.0326964297924588
"PI_320954_LSP_AGL",247631,75886,8932,306730,20705,0.0282960888545343,0.241697222731908,0.0615547898575068
"PI_329157_LSP_AGL",251009,92132,12920,315708,7739,0.0393149701181883,0.276896374497628,0.0230076077617602
"PI_329167_LSP_AGL",214524,92132,11284,275439,49644,0.0393550569713626,0.307523432094106,0.147588794382326
"PI_339266_LSP_AGL",251703,0,11734,316808,7825,0.0357153727681697,0.0222709793992492,0.0232632808807047
"PI_339283_LSP_AGL",232833,92132,14222,302508,19637,0.0449025984276829,0.292590812737516,0.0583796864734055
"PI_339285_AGL",237027,92132,14345,308497,13525,0.0444334999783176,0.289092703432857,0.0402090573688858
"PI_339289_LSP_AGL",247697,75886,12761,312907,10699,0.0391840770355086,0.244590359869657,0.0318075197626402
"PI_339292_LSP_AGL",236959,92132,12108,300236,24023,0.0387649514637707,0.287767549142876,0.0714190155395743
"PI_339296_AGL",210880,92132,11271,265503,59593,0.0407227557501788,0.311081095700372,0.177166606712311
"PI_343026_LSP_AGL",225577,92132,14924,293319,28124,0.0484163468432373,0.299411062642612,0.0836110557813341
"PI_345627_LSP_AGL",240092,92132,7798,292370,36199,0.0259787852136137,0.282425843033686,0.107617572472924
"PI_358602_LSP_AGL",230515,92132,8234,279872,48261,0.0285797588387607,0.290887056071518,0.14347721387651
"PI_368647_LSP_AGL",227506,75886,8134,275875,52358,0.0286399374667704,0.256649525240269,0.155657362345295
"PI_368651_LSP_AGL",251577,0,9118,306539,20710,0.0288857842531609,0.0174878689656495,0.0615696545737245
"PI_370481_LSP_AGL",244132,75886,10943,317298,8126,0.03333830935197,0.245822015282767,0.0241581367970104
"PI_374116_LSP_AGL",258206,75886,9736,319610,7021,0.0295616160512045,0.234867433716858,0.0208730345128981
"PI_374117_LSP_AGL",226651,0,82706,253098,563,0.246292480137223,0.133674040024955,0.00167376704611332
"PI_374118_AGL",211208,92132,12505,298051,25811,0.0402664897796211,0.311496145261125,0.0767346380590248
"PI_374120_LSP_AGL",251379,75886,11071,315967,9329,0.033852335202637,0.240652783032252,0.0277345875189897
"PI_374121_AGL",242726,92132,10725,310390,15252,0.0333992494900581,0.282116018438407,0.0453433303504803
"PI_379368_LSP_AGL",245719,92132,10723,314634,11010,0.0329576434501179,0.279692403908496,0.0327321051113813
"PI_383682_LSP_AGL",245650,92132,13219,313991,9157,0.0403991320558663,0.281314013350389,0.0272232412811007
"PI_420818_AGL",231627,75886,12147,316360,7860,0.0369763810208002,0.25639585809923,0.0233673338942286
"PI_420924_LSP_AGL",243045,75886,12127,318347,5893,0.0366957763696993,0.247538195724012,0.0175195545341844
"PI_420925_LSP_AGL",205563,92132,13186,293420,29761,0.0430063338616987,0.317565242005784,0.0884777638710099
"PI_420929_LSP_AGL",211205,92132,12979,302753,20635,0.0411076482586497,0.311781572857522,0.061346683830459
"PI_426202_LSP_AGL",229108,92132,15427,303433,17507,0.0483817349306906,0.296570498445051,0.0520473173646642
"PI_426778_LSP_AGL",220139,0,14527,279791,42049,0.0493581772096848,0.0309525027059736,0.125009290447636
"PI_426784_LSP_AGL",226269,92132,15453,293141,27773,0.0500755037363008,0.299108292846574,0.0825675527028513
"PI_426797_LSP_AGL",238143,92132,15556,309412,11399,0.0478693286723616,0.288898334735752,0.0338885800331186
"PI_426807_LSP_AGL",240177,92132,15683,311525,9159,0.0479297572186499,0.287286776707511,0.0272291871675878
"PI_431618_LSP_AGL",227800,92132,10936,284552,40879,0.0370099631795538,0.294981684538849,0.121530946852694
"PI_431622_LSP_AGL",221980,92132,15578,298341,22448,0.0496242661323462,0.303075616488216,0.066736629930998
"PI_431630_LSP_AGL",226493,92132,14657,299498,22212,0.0466553134599163,0.298427457828506,0.0660350153255224
"PI_431633_LSP_AGL",210428,75886,10727,268735,56905,0.0383844672978795,0.273529580091637,0.169175335273674
"PI_431636_LSP_AGL",232555,92132,11995,296076,28296,0.0389358297275628,0.291460487938173,0.0841224020192231
"PI_431643_LSP_AGL",219591,92132,12879,279013,44475,0.0441224836583394,0.303668800561919,0.132221650756465
"PI_431662_LSP_AGL",180292,92132,12339,240368,83660,0.0488272980170712,0.345204608744816,0.248716431754601
"PI_431663_LSP_AGL",218850,92132,15717,294495,26155,0.0506653514370817,0.306063073348862,0.0777573305348028
"PI_431679_LSP_AGL",225738,92132,15182,301835,19350,0.0478901762366056,0.299421711924865,0.0575264517625094
"PI_431684_LSP_AGL",229700,92132,15524,305633,15210,0.0483377288989497,0.296108561875289,0.0452184667342516
"PI_431705_LSP_AGL",219142,92132,15203,293722,27442,0.0492125920530873,0.305484000404316,0.0815835084892394
"PI_431710_LSP_AGL",223805,92132,14892,300789,20686,0.0471742043391905,0.300995378276995,0.0614983039358796
"PI_431714_LSP_AGL",216452,92132,14864,290911,30592,0.048610906712452,0.307820731616829,0.0909482797063921
"PI_431717_LSP_AGL",192116,92132,15560,256390,64417,0.0572164000735429,0.333253282100544,0.191508084919151
"PI_431728_LSP_AGL",217021,92132,16108,291693,28566,0.0523325135395921,0.30801725383615,0.084925096694979
"PI_431731_LSP_AGL",201323,92132,14147,269202,53018,0.0499278275201254,0.322512532428268,0.157619504886032
"PI_431739_LSP_AGL",234447,92132,16394,315034,4939,0.0494647404564491,0.292527400116044,0.0146833666798467
"PI_431753_LSP_AGL",220496,92132,21903,294619,19845,0.0691989814294109,0.308143340975874,0.058998058668062
"PI_431756_LSP_AGL",206837,92132,13981,277128,45258,0.0480266841629768,0.316735900303563,0.134549465316158
"PI_431809_LSP_AGL",168679,75886,10966,217466,107935,0.048005533375359,0.318431031851321,0.320884628991548
"PI_431824_LSP_AGL",252235,92132,12977,320466,2924,0.0389181959135444,0.27598196695621,0.00869288604411253
"PI_431863_LSP_AGL",168504,75886,17334,222509,96524,0.0722722781152671,0.32306169858324,0.286960373639507
"PI_431873_LSP_AGL",194605,92132,14394,251434,70539,0.0541477948146922,0.329853120402748,0.209708443456106
"PI_431884_LSP_AGL",237355,75886,13490,299358,23519,0.043119981588503,0.252902234559928,0.0699206521448299
"PI_431888_LSP_AGL",201583,0,12883,262511,60973,0.0467802493881493,0.0300350638329619,0.181269268388397
"PI_431893_LSP_AGL",223580,0,12684,283945,39738,0.0427604853200463,0.0268428537568144,0.118138818611814
"PI_431923_LSP_AGL",191708,0,12219,247961,76187,0.0469636405565378,0.0299592501238188,0.226499626895623
"PI_431980_LSP_AGL",249031,92132,13092,315370,7905,0.039858492002119,0.278550761457142,0.0235011163401879
"PI_432000_LSP_AGL",210256,92132,13660,274602,48105,0.0473874461427451,0.313123323039538,0.143013434730518
"PI_432001_LSP_AGL",247376,75886,13831,313848,8688,0.0422089911163059,0.245633994179648,0.0258289308998802
"PI_432002_LSP_AGL",227672,92132,15937,305951,14479,0.0495110100407595,0.298147977160966,0.0430452452232234
"PI_432005_LSP_AGL",244577,92132,13804,312925,9638,0.042249081042699,0.282540162561731,0.0286532269812437
"PI_432028_LSP_AGL",219182,92132,16183,292870,27314,0.0523631868967459,0.306028757515336,0.0812029717540662
"PI_432033_LSP_AGL",222646,92132,15492,300109,20766,0.0490872969350541,0.302413177097526,0.0617361393953628
"PI_432085_LSP_AGL",243335,75886,12562,306739,17066,0.0393421880921137,0.247652833327808,0.0507362493942628
"PI_432106_LSP_AGL",247586,75886,11078,317109,8180,0.0337551456943755,0.243386638768495,0.0243186757321616
"PI_432124_LSP_AGL",226258,92132,15581,304183,16603,0.0487265608386185,0.299195139697758,0.0493597766725035
"PI_432145_LSP_AGL",215678,92132,14210,290264,31893,0.0466706516812601,0.308170299981368,0.0948160788662384
"PI_432147_LSP_AGL",204968,0,13811,275206,47350,0.0477861163876173,0.0315638155398827,0.140768862581644
"PI_432184_LSP_AGL",237144,0,13699,305124,17544,0.042967414521537,0.0273059244228462,0.0521573162646752
"PI_432188_LSP_AGL",247112,92132,14509,311146,10712,0.0445532849180882,0.280948854143993,0.0318461680248062
"PI_432190_LSP_AGL",263712,92132,7858,322151,6358,0.0238114718083446,0.264120076326223,0.0189019731424307
"PI_432201_LSP_AGL",257575,92132,10944,316082,9341,0.0334652290643557,0.270632827858511,0.0277702628379122
"PI_432212_LSP_AGL",231828,92132,15956,317615,2796,0.0478338944332691,0.294513938737806,0.00831234930893934
"PI_432236_LSP_AGL",227825,92132,15968,309999,10400,0.0489865538536109,0.298030810448761,0.0309186097328216
"PI_432245_LSP_AGL",239939,75886,12055,299539,24773,0.038688164727177,0.249827680858851,0.0736487229722297
"PI_432271_LSP_AGL",257700,92132,10574,316497,9296,0.0323293719100746,0.270303491062857,0.0276364803919528
"PI_432286_LSP_AGL",236256,92132,13119,305721,17527,0.041146029356417,0.288988219860793,0.052106776229535
"PI_451763_LSP_AGL",257135,75886,7895,318587,9885,0.0241820376008478,0.234173520749979,0.0293875439623982
"PI_458503_LSP_AGL",248919,75886,11359,311672,13336,0.0351638078079194,0.242636034792542,0.0396471710958566
"PI_468900_LSP_AGL",259033,92132,9256,319753,7358,0.0281329690069269,0.268463824249974,0.0218749163859713
"PI_468901_AGL",234895,92132,8919,288962,38486,0.0299414867010652,0.287520911098808,0.114416693670901
"PI_468902_LSP_AGL",261450,75886,9791,321734,4842,0.0295332177060554,0.23271453963535,0.0143949911852233
"PI_472136_LSP_AGL",226950,92132,15219,294670,26478,0.0491111333412932,0.298358365664476,0.0787175912024664
"PI_472205_LSP_AGL",233162,92132,15863,302954,17550,0.0497558160323948,0.293306307653075,0.0521751539241364
"PI_472213_LSP_AGL",238401,75886,16060,305664,14643,0.0499185637378623,0.254023799217187,0.0435328079151641
"PI_472327_LSP_AGL",240004,92132,16115,313362,6890,0.048910849619245,0.287693359100189,0.0204835789479943
"PI_472380_LSP_AGL",236345,92132,15544,308853,11970,0.0479165960227746,0.290400876690667,0.0355861306251802
"PI_472416_LSP_AGL",208517,92132,13954,269007,53406,0.0493142164467895,0.31502878230659,0.158773006864526
"PI_472488_LSP_AGL",228830,92132,14935,297501,23931,0.0478017898065524,0.296517980214173,0.0711455047611686
"PI_472559_LSP_AGL",239510,92132,15398,310898,10071,0.0471902812170545,0.287664246196404,0.0299405114056968
"PI_472561_LSP_AGL",221543,92132,14922,286830,34615,0.049451204963016,0.303085542472999,0.102908430375156
"PI_472569_LSP_AGL",236154,92132,15263,305693,15411,0.0475548050200027,0.290390890382449,0.0458160283262032
"PI_472588_LSP_AGL",223523,75886,14389,295265,26713,0.0464679933086606,0.264757901579997,0.0794162328646984
"PI_472590_LSP_AGL",241759,75886,14480,315907,5980,0.0438273903028872,0.250285284155062,0.0177782005963724
"PI_472615_LSP_AGL",239079,75886,12947,314417,9003,0.0395492479319656,0.251163421893679,0.0267654080215955
"PI_472629_LSP_AGL",238411,0,13998,306127,16242,0.0437266692698165,0.027728805232777,0.0482865441615854
"PI_477921_LSP_AGL",239111,0,54012,278514,3841,0.162429404016528,0.0921319719025801,0.0114190749984392
"PI_490288_LSP_AGL",245427,92132,8980,301953,25434,0.0288808199837264,0.278819988515001,0.07561383845621
"PI_490289_LSP_AGL",256473,75886,10066,317972,8329,0.0306854693663539,0.236311601080529,0.0247616442754491
"PI_508090_AGL",256911,75886,7127,318019,11221,0.0219193839075369,0.233727244913569,0.0333593961357684
"PI_518731_LSP_AGL",246582,75886,10548,307306,18513,0.0331850472229388,0.243712013837173,0.055038098267666
"PI_518733_LSP_AGL",237850,92132,63696,270000,2671,0.190880322209436,0.314927427999533,0.00794073140349678
"PI_518734_LSP_AGL",256813,92132,8531,316462,11374,0.0262497961494555,0.269661459790308,0.0338142564520301
"PI_533688_LSP_AGL",240270,75886,11790,313560,11017,0.036237897648686,0.249373372445464,0.0327529157140861
"PI_533693_LSP_AGL",259049,75886,8803,315999,11565,0.0271026656239801,0.233571790142492,0.0343820886115463
"PI_612875_AGL",238772,92132,15768,311798,8801,0.0481368640212965,0.288503253796095,0.0261648734864003
"PI_643451_AGL",237158,92132,15636,308531,12200,0.0482343977024188,0.289772298985869,0.0362699075711946
"PI_643452_AGL",233043,92132,15380,302643,18344,0.0483612820456382,0.293115649454567,0.0545356708595076
"CDC_QG.1_AGL",228006,75886,5388,278661,52318,0.0189685582417118,0.254073978272116,0.155538444615554
"CDC_SB.1_AGL",179344,0,16838,217359,102170,0.0718967365081534,0.0429142327022866,0.303745611192537
"Shasta_AGL",244477,75886,6924,304368,25075,0.0222427816969276,0.242441649072527,0.074546551831779
"W6_27754_LSP_AGL",226011,92132,60859,255856,19652,0.192156986565208,0.323379560002322,0.0584242806220586
"W6_27760_LSP_AGL",246827,75886,10681,309115,16571,0.0333994171284194,0.243635158401171,0.0492646424887103
"W6_27763_LSP_AGL",191458,92132,11749,273119,51499,0.0412436637319741,0.33184408425572,0.153103604099094
"W6_27766_LSP_AGL",236635,92132,12421,299441,24505,0.0398285138939659,0.288235518248004,0.0728519741829609
"W6_27767_LSP_AGL",232173,0,14271,300979,21117,0.045268834258525,0.0289538394117933,0.0627796424738455
